monitor,native_id,period_start,period_midpoint,period_end,concentration,count
,410510244,1999-01-10,1999-01-17,1999-01-24,10.457142857142856,14
,410510244,1999-01-24,1999-01-31,1999-02-07,7.869230769230769,13
,410510244,1999-02-21,1999-02-28,1999-03-07,5.335714285714286,14
,410510244,1999-03-07,1999-03-14,1999-03-21,9.661538461538461,13
,410510244,1999-03-21,1999-03-28,1999-04-04,5.36923076923077,13
,410510244,1999-04-04,1999-04-11,1999-04-18,7.433333333333333,12
,410510244,1999-04-18,1999-04-25,1999-05-02,7.269230769230769,13
,410510244,1999-05-02,1999-05-09,1999-05-16,4.446153846153846,13
,410510244,1999-05-16,1999-05-23,1999-05-30,6.925,12
,410510244,1999-06-13,1999-06-20,1999-06-27,5.964285714285714,14
,410510244,1999-06-27,1999-07-04,1999-07-11,7.138461538461538,13
,410510244,1999-07-11,1999-07-18,1999-07-25,7.85,14
,410510244,1999-07-25,1999-08-01,1999-08-08,10.678571428571429,14
,410510244,1999-08-08,1999-08-15,1999-08-22,6.941666666666667,12
,410510244,1999-08-22,1999-08-29,1999-09-05,8.833333333333334,12
,410510244,1999-09-05,1999-09-12,1999-09-19,9.849999999999998,14
,410510244,1999-09-19,1999-09-26,1999-10-03,10.485714285714286,14
,410510244,1999-10-03,1999-10-10,1999-10-17,9.592857142857143,14
,410510244,1999-10-17,1999-10-24,1999-10-31,14.742857142857147,14
,410510244,1999-10-31,1999-11-07,1999-11-14,12.499999999999998,14
,410510244,1999-11-14,1999-11-21,1999-11-28,8.021428571428572,14
,410510244,1999-12-12,1999-12-19,1999-12-26,6.450000000000001,14
,410510244,1999-12-26,2000-01-02,2000-01-09,11.807692307692308,13
,410510244,2000-01-09,2000-01-16,2000-01-23,8.22857142857143,14
,410510244,2000-01-23,2000-01-30,2000-02-06,8.035714285714286,14
,410510244,2000-02-06,2000-02-13,2000-02-20,12.614285714285714,14
,410510244,2000-02-20,2000-02-27,2000-03-05,8.884615384615383,13
,410510244,2000-04-02,2000-04-09,2000-04-16,8.758333333333333,12
,410510244,2000-04-16,2000-04-23,2000-04-30,6.257142857142857,14
,410510244,2000-04-30,2000-05-07,2000-05-14,4.985714285714286,14
,410510244,2000-05-14,2000-05-21,2000-05-28,6.530769230769232,13
,410510244,2000-06-11,2000-06-18,2000-06-25,5.592307692307693,13
,410510244,2000-06-25,2000-07-02,2000-07-09,7.261538461538461,13
,410510244,2000-07-09,2000-07-16,2000-07-23,6.753846153846154,13
,410510244,2000-07-23,2000-07-30,2000-08-06,7.871428571428572,14
,410510244,2000-08-06,2000-08-13,2000-08-20,7.1000000000000005,14
,410510244,2000-09-03,2000-09-10,2000-09-17,7.107692307692309,13
,410510244,2000-09-17,2000-09-24,2000-10-01,7.535714285714285,14
,410510244,2000-10-01,2000-10-08,2000-10-15,10.578571428571431,14
,410510244,2000-10-15,2000-10-22,2000-10-29,12.62142857142857,14
,410510244,2000-10-29,2000-11-05,2000-11-12,14.542857142857144,14
,410510244,2000-11-12,2000-11-19,2000-11-26,22.349999999999998,14
,410510244,2000-11-26,2000-12-03,2000-12-10,12.23846153846154,13
,410510244,2000-12-10,2000-12-17,2000-12-24,11.4,14
,410510244,2000-12-24,2000-12-31,2001-01-07,11.661538461538461,13
,410510244,2001-01-07,2001-01-14,2001-01-21,14.192307692307692,13
,410510244,2001-01-21,2001-01-28,2001-02-04,10.321428571428571,14
,410510244,2001-02-04,2001-02-11,2001-02-18,11.164285714285715,14
,410510244,2001-02-18,2001-02-25,2001-03-04,11.421428571428574,14
,410510244,2001-03-04,2001-03-11,2001-03-18,7.828571428571428,14
,410510244,2001-03-18,2001-03-25,2001-04-01,7.592307692307693,13
,410510244,2001-04-01,2001-04-08,2001-04-15,6.085714285714286,14
,410510244,2001-04-15,2001-04-22,2001-04-29,8.128571428571428,14
,410510244,2001-04-29,2001-05-06,2001-05-13,7.057142857142857,14
,410510244,2001-05-13,2001-05-20,2001-05-27,6.400000000000001,13
,410510244,2001-05-27,2001-06-03,2001-06-10,4.878571428571429,14
,410510244,2001-06-10,2001-06-17,2001-06-24,4.4714285714285715,14
,410510244,2001-06-24,2001-07-01,2001-07-08,6.049999999999999,14
,410510244,2001-07-08,2001-07-15,2001-07-22,5.728571428571429,14
,410510244,2001-07-22,2001-07-29,2001-08-05,5.299999999999999,14
,410510244,2001-08-05,2001-08-12,2001-08-19,9.592857142857142,14
,410510244,2001-08-19,2001-08-26,2001-09-02,6.414285714285714,14
,410510244,2001-09-02,2001-09-09,2001-09-16,7.614285714285714,14
,410510244,2001-09-16,2001-09-23,2001-09-30,7.792857142857144,14
,410510244,2001-09-30,2001-10-07,2001-10-14,8.692857142857141,14
,410510244,2001-10-14,2001-10-21,2001-10-28,11.671428571428573,14
,410510244,2001-10-28,2001-11-04,2001-11-11,15.8,14
,410510244,2001-11-11,2001-11-18,2001-11-25,8.692857142857141,14
,410510244,2001-11-25,2001-12-02,2001-12-09,8.1,13
,410510244,2001-12-09,2001-12-16,2001-12-23,5.753846153846154,13
,410510244,2001-12-23,2001-12-30,2002-01-06,7.407692307692309,13
,410510244,2002-01-06,2002-01-13,2002-01-20,12.150000000000002,14
,410510244,2002-01-20,2002-01-27,2002-02-03,5.557142857142857,14
,410510244,2002-02-03,2002-02-10,2002-02-17,7.528571428571429,14
,410510244,2002-02-17,2002-02-24,2002-03-03,7.857142857142857,14
,410510244,2002-03-03,2002-03-10,2002-03-17,6.207142857142857,14
,410510244,2002-03-17,2002-03-24,2002-03-31,6.45,14
,410510244,2002-03-31,2002-04-07,2002-04-14,4.85,14
,410510244,2002-04-14,2002-04-21,2002-04-28,6.128571428571428,14
,410510244,2002-04-28,2002-05-05,2002-05-12,6.571428571428571,14
,410510244,2002-05-12,2002-05-19,2002-05-26,5.8500000000000005,12
,410510244,2002-05-26,2002-06-02,2002-06-09,4.107142857142857,14
,410510244,2002-06-09,2002-06-16,2002-06-23,7.242857142857143,14
,410510244,2002-06-23,2002-06-30,2002-07-07,5.05,14
,410510244,2002-07-07,2002-07-14,2002-07-21,6.678571428571429,14
,410510244,2002-07-21,2002-07-28,2002-08-04,6.7857142857142865,14
,410510244,2002-08-04,2002-08-11,2002-08-18,7.664285714285714,14
,410510244,2002-08-18,2002-08-25,2002-09-01,7.2153846153846155,13
,410510244,2002-09-01,2002-09-08,2002-09-15,6.7,14
,410510244,2002-09-15,2002-09-22,2002-09-29,6.9,14
,410510244,2002-09-29,2002-10-06,2002-10-13,7.257142857142858,14
,410510244,2002-10-13,2002-10-20,2002-10-27,13.133333333333335,12
,410510244,2002-11-10,2002-11-17,2002-11-24,15.661538461538463,13
,410510244,2002-11-24,2002-12-01,2002-12-08,13.900000000000002,14
,410510244,2002-12-08,2002-12-15,2002-12-22,6.1000000000000005,13
,530611007,2007-01-14,2007-01-21,2007-01-28,15.546153846153844,13
,530611007,2007-01-28,2007-02-04,2007-02-11,24.628571428571426,14
,530611007,2007-02-11,2007-02-18,2007-02-25,4.371428571428572,14
,530611007,2007-02-25,2007-03-04,2007-03-11,7.078571428571428,14
,530611007,2007-03-11,2007-03-18,2007-03-25,4.414285714285715,14
,530611007,2007-03-25,2007-04-01,2007-04-08,7.835714285714287,14
,530611007,2007-04-08,2007-04-15,2007-04-22,4.735714285714286,14
,530611007,2007-04-22,2007-04-29,2007-05-06,5.864285714285715,14
,530611007,2007-05-06,2007-05-13,2007-05-20,7.407142857142858,14
,530611007,2007-05-20,2007-05-27,2007-06-03,7.542857142857144,14
,530611007,2007-06-03,2007-06-10,2007-06-17,4.842857142857143,14
,530611007,2007-06-17,2007-06-24,2007-07-01,5.135714285714285,14
,530611007,2007-07-01,2007-07-08,2007-07-15,6.985714285714286,14
,530611007,2007-07-15,2007-07-22,2007-07-29,4.392857142857142,14
,530611007,2007-07-29,2007-08-05,2007-08-12,5.314285714285715,14
,530611007,2007-08-12,2007-08-19,2007-08-26,5.7285714285714295,14
,530611007,2007-08-26,2007-09-02,2007-09-09,7.1642857142857155,14
,530611007,2007-09-09,2007-09-16,2007-09-23,8.2,14
,530611007,2007-09-23,2007-09-30,2007-10-07,7.385714285714285,14
,530611007,2007-10-07,2007-10-14,2007-10-21,9.521428571428572,14
,530611007,2007-10-21,2007-10-28,2007-11-04,15.36923076923077,13
,530611007,2007-11-04,2007-11-11,2007-11-18,10.62142857142857,14
,530611007,2007-11-18,2007-11-25,2007-12-02,21.521428571428576,14
,530611007,2007-12-02,2007-12-09,2007-12-16,13.414285714285715,14
,530611007,2007-12-16,2007-12-23,2007-12-30,5.142857142857143,14
,530611007,2007-12-30,2008-01-06,2008-01-13,3.9214285714285713,14
,530611007,2008-01-13,2008-01-20,2008-01-27,17.17857142857143,14
,530611007,2008-01-27,2008-02-03,2008-02-10,6.385714285714285,14
,530611007,2008-02-10,2008-02-17,2008-02-24,13.45,14
,530611007,2008-02-24,2008-03-02,2008-03-09,9.792857142857143,14
,530611007,2008-03-09,2008-03-16,2008-03-23,4.950000000000001,14
,530611007,2008-04-06,2008-04-13,2008-04-20,5.2142857142857135,14
,530611007,2008-04-20,2008-04-27,2008-05-04,6.014285714285714,14
,530611007,2008-05-04,2008-05-11,2008-05-18,7.199999999999998,14
,530611007,2008-05-18,2008-05-25,2008-06-01,6.914285714285714,14
,530611007,2008-06-15,2008-06-22,2008-06-29,6.6428571428571415,14
,530611007,2008-06-29,2008-07-06,2008-07-13,9.89285714285714,14
,530611007,2008-07-13,2008-07-20,2008-07-27,6.271428571428571,14
,530611007,2008-07-27,2008-08-03,2008-08-10,6.185714285714286,14
,530611007,2008-09-21,2008-09-28,2008-10-05,7.500000000000001,14
,530611007,2008-10-05,2008-10-12,2008-10-19,7.433333333333334,12
,530611007,2008-10-19,2008-10-26,2008-11-02,14.299999999999999,14
,530611007,2008-11-02,2008-11-09,2008-11-16,5.45,14
,530611007,2008-11-16,2008-11-23,2008-11-30,14.275000000000004,12
,530611007,2008-11-30,2008-12-07,2008-12-14,8.42142857142857,14
,530611007,2008-12-14,2008-12-21,2008-12-28,15.157142857142858,14
,530611007,2008-12-28,2009-01-04,2009-01-11,3.9428571428571426,14
,530611007,2009-01-11,2009-01-18,2009-01-25,15.049999999999999,14
,530611007,2009-01-25,2009-02-01,2009-02-08,16.77142857142857,14
,530611007,2009-02-08,2009-02-15,2009-02-22,17.364285714285717,14
,530611007,2009-02-22,2009-03-01,2009-03-08,6.05,14
,530611007,2009-03-08,2009-03-15,2009-03-22,7.364285714285715,14
,530611007,2009-03-22,2009-03-29,2009-04-05,6.078571428571429,14
,530611007,2009-04-05,2009-04-12,2009-04-19,6.128571428571427,14
,530611007,2009-04-19,2009-04-26,2009-05-03,7.8357142857142845,14
,530611007,2009-05-03,2009-05-10,2009-05-17,4.728571428571428,14
,530611007,2009-05-17,2009-05-24,2009-05-31,6.535714285714286,14
,530611007,2009-05-31,2009-06-07,2009-06-14,9.414285714285715,14
,530611007,2009-06-14,2009-06-21,2009-06-28,5.121428571428572,14
,530611007,2009-06-28,2009-07-05,2009-07-12,10.96923076923077,13
,530611007,2009-07-12,2009-07-19,2009-07-26,5.635714285714286,14
,530611007,2009-07-26,2009-08-02,2009-08-09,12.014285714285714,14
,530611007,2009-08-09,2009-08-16,2009-08-23,6.95,14
,530611007,2009-08-23,2009-08-30,2009-09-06,6.7928571428571445,14
,530611007,2009-09-06,2009-09-13,2009-09-20,6.478571428571428,14
,530611007,2009-09-20,2009-09-27,2009-10-04,6.478571428571427,14
,530611007,2009-10-04,2009-10-11,2009-10-18,9.164285714285715,14
,530611007,2009-10-18,2009-10-25,2009-11-01,7.638461538461538,13
,530611007,2009-11-01,2009-11-08,2009-11-15,6.128571428571427,14
,530611007,2009-11-15,2009-11-22,2009-11-29,2.7461538461538457,13
,530611007,2009-11-29,2009-12-06,2009-12-13,29.87857142857143,14
,530611007,2009-12-13,2009-12-20,2009-12-27,12.828571428571427,14
,530611007,2009-12-27,2010-01-03,2010-01-10,10.457142857142857,14
,530611007,2010-01-10,2010-01-17,2010-01-24,6.914285714285713,14
,530611007,2010-01-24,2010-01-31,2010-02-07,11.52142857142857,14
,530611007,2010-02-07,2010-02-14,2010-02-21,10.564285714285715,14
,530611007,2010-02-21,2010-02-28,2010-03-07,11.192857142857145,14
,530611007,2010-03-07,2010-03-14,2010-03-21,7.2285714285714295,14
,530611007,2010-03-21,2010-03-28,2010-04-04,3.750000000000001,14
,530611007,2010-04-04,2010-04-11,2010-04-18,6.535714285714285,14
,530611007,2010-04-18,2010-04-25,2010-05-02,4.1499999999999995,14
,530611007,2010-05-02,2010-05-09,2010-05-16,6.153846153846152,13
,530611007,2010-05-16,2010-05-23,2010-05-30,3.900000000000001,14
,530611007,2010-05-30,2010-06-06,2010-06-13,3.9857142857142853,14
,530611007,2010-06-13,2010-06-20,2010-06-27,4.778571428571429,14
,530611007,2010-06-27,2010-07-04,2010-07-11,6.976923076923077,13
,530611007,2010-07-11,2010-07-18,2010-07-25,7.157142857142857,14
,530611007,2010-07-25,2010-08-01,2010-08-08,8.176923076923076,13
,530611007,2010-08-08,2010-08-15,2010-08-22,8.635714285714286,14
,530611007,2010-08-22,2010-08-29,2010-09-05,5.207142857142857,14
,530611007,2010-09-05,2010-09-12,2010-09-19,5.135714285714287,14
,530611007,2010-09-19,2010-09-26,2010-10-03,4.930769230769231,13
,530611007,2010-10-03,2010-10-10,2010-10-17,7.728571428571428,14
,530611007,2010-10-17,2010-10-24,2010-10-31,9.871428571428572,14
,530611007,2010-10-31,2010-11-07,2010-11-14,7.578571428571428,14
,530611007,2010-11-14,2010-11-21,2010-11-28,8.8,14
,530611007,2010-11-28,2010-12-05,2010-12-12,10.349999999999996,14
,530611007,2010-12-12,2010-12-19,2010-12-26,4.607142857142857,14
,530611007,2010-12-26,2011-01-02,2011-01-09,14.157142857142857,14
,530611007,2011-01-09,2011-01-16,2011-01-23,5.678571428571429,14
,530611007,2011-01-23,2011-01-30,2011-02-06,9.37857142857143,14
,530611007,2011-02-06,2011-02-13,2011-02-20,8.814285714285713,14
,530611007,2011-02-20,2011-02-27,2011-03-06,6.964285714285715,14
,530611007,2011-03-06,2011-03-13,2011-03-20,4.714285714285715,14
,530611007,2011-03-20,2011-03-27,2011-04-03,3.3666666666666667,12
,530330021,1999-01-10,1999-01-17,1999-01-24,8.464285714285715,14
,530330021,1999-01-24,1999-01-31,1999-02-07,8.27142857142857,14
,530330021,1999-02-07,1999-02-14,1999-02-21,9.992857142857142,14
,530330021,1999-02-21,1999-02-28,1999-03-07,7.164285714285714,14
,530330021,1999-03-07,1999-03-14,1999-03-21,10.057142857142859,14
,530330021,1999-03-21,1999-03-28,1999-04-04,7.314285714285714,14
,530330021,1999-04-04,1999-04-11,1999-04-18,9.492857142857144,14
,530330021,1999-04-18,1999-04-25,1999-05-02,9.2,13
,530330021,1999-05-02,1999-05-09,1999-05-16,6.471428571428572,14
,530330021,1999-05-16,1999-05-23,1999-05-30,7.457142857142856,14
,530330021,1999-05-30,1999-06-06,1999-06-13,6.178571428571429,14
,530330021,1999-06-13,1999-06-20,1999-06-27,5.8500000000000005,14
,530330021,1999-06-27,1999-07-04,1999-07-11,8.357142857142858,14
,530330021,1999-07-11,1999-07-18,1999-07-25,9.200000000000001,14
,530330021,1999-07-25,1999-08-01,1999-08-08,10.792857142857143,14
,530330021,1999-08-08,1999-08-15,1999-08-22,7.257142857142857,14
,530330021,1999-08-22,1999-08-29,1999-09-05,9.114285714285714,14
,530330021,1999-09-05,1999-09-12,1999-09-19,11.564285714285715,14
,530330021,1999-09-19,1999-09-26,1999-10-03,12.735714285714286,14
,530330021,1999-10-17,1999-10-24,1999-10-31,16.192307692307693,13
,530330021,1999-10-31,1999-11-07,1999-11-14,13.221428571428572,14
,530330021,1999-11-14,1999-11-21,1999-11-28,12.014285714285714,14
,530330021,1999-11-28,1999-12-05,1999-12-12,11.035714285714288,14
,530330021,1999-12-12,1999-12-19,1999-12-26,10.87142857142857,14
,530330021,1999-12-26,2000-01-02,2000-01-09,18.02857142857143,14
,530330021,2000-01-09,2000-01-16,2000-01-23,10.457142857142857,14
,530330021,2000-01-23,2000-01-30,2000-02-06,14.73571428571429,14
,530330021,2000-02-06,2000-02-13,2000-02-20,15.578571428571426,14
,530330021,2000-02-20,2000-02-27,2000-03-05,9.992857142857142,14
,530330021,2000-03-05,2000-03-12,2000-03-19,13.549999999999999,12
,530330021,2000-04-02,2000-04-09,2000-04-16,11.35,14
,530330021,2000-04-16,2000-04-23,2000-04-30,7.9642857142857135,14
,530330021,2000-04-30,2000-05-07,2000-05-14,5.971428571428571,14
,530330021,2000-05-14,2000-05-21,2000-05-28,6.635714285714286,14
,530330021,2000-05-28,2000-06-04,2000-06-11,7.4785714285714295,14
,530330021,2000-06-11,2000-06-18,2000-06-25,6.0928571428571425,14
,530330021,2000-06-25,2000-07-02,2000-07-09,11.092857142857143,14
,530330021,2000-07-09,2000-07-16,2000-07-23,7.878571428571428,14
,530330021,2000-07-23,2000-07-30,2000-08-06,8.171428571428573,14
,530330021,2000-08-20,2000-08-27,2000-09-03,7.378571428571427,14
,530330021,2000-09-03,2000-09-10,2000-09-17,8.6,14
,530330021,2000-09-17,2000-09-24,2000-10-01,11.72142857142857,14
,530330021,2000-10-01,2000-10-08,2000-10-15,13.623076923076923,13
,530330021,2000-10-15,2000-10-22,2000-10-29,16.7,14
,530330021,2000-10-29,2000-11-05,2000-11-12,17.946153846153848,13
,530330021,2000-11-12,2000-11-19,2000-11-26,31.02142857142857,14
,530330021,2000-11-26,2000-12-03,2000-12-10,17.771428571428572,14
,530330021,2000-12-10,2000-12-17,2000-12-24,14.957142857142859,14
,530330021,2000-12-24,2000-12-31,2001-01-07,17.87142857142857,14
,530330021,2001-01-07,2001-01-14,2001-01-21,18.821428571428573,14
,530330021,2001-01-21,2001-01-28,2001-02-04,15.364285714285712,14
,530330021,2001-02-18,2001-02-25,2001-03-04,17.064285714285713,14
,530330021,2001-03-04,2001-03-11,2001-03-18,11.914285714285713,14
,530330021,2001-03-18,2001-03-25,2001-04-01,8.114285714285716,14
,530330021,2001-04-01,2001-04-08,2001-04-15,7.2,14
,530330021,2001-04-15,2001-04-22,2001-04-29,7.9,14
,530330021,2001-04-29,2001-05-06,2001-05-13,8.371428571428572,14
,530330021,2001-05-13,2001-05-20,2001-05-27,8.092857142857143,14
,530330021,2001-05-27,2001-06-03,2001-06-10,6.1692307692307695,13
,530330021,2001-06-10,2001-06-17,2001-06-24,6.292857142857144,14
,530330021,2001-06-24,2001-07-01,2001-07-08,7.728571428571428,14
,530330021,2001-07-08,2001-07-15,2001-07-22,6.771428571428573,14
,530330021,2001-07-22,2001-07-29,2001-08-05,6.569230769230769,13
,530330021,2001-08-05,2001-08-12,2001-08-19,11.515384615384615,13
,530330021,2001-08-19,2001-08-26,2001-09-02,7.885714285714286,14
,530330021,2001-09-02,2001-09-09,2001-09-16,10.714285714285714,14
,530330021,2001-09-16,2001-09-23,2001-09-30,10.22857142857143,14
,530330021,2001-09-30,2001-10-07,2001-10-14,9.664285714285713,14
,530330021,2001-10-14,2001-10-21,2001-10-28,10.807142857142855,14
,530330021,2001-11-11,2001-11-18,2001-11-25,12.891666666666667,12
,530330021,2001-11-25,2001-12-02,2001-12-09,7.257142857142857,14
,530330021,2001-12-09,2001-12-16,2001-12-23,7.292307692307693,13
,530330021,2001-12-23,2001-12-30,2002-01-06,20.9,12
,530330021,2002-01-06,2002-01-13,2002-01-20,13.164285714285713,14
,530330021,2002-01-20,2002-01-27,2002-02-03,7.378571428571428,14
,530330021,2002-02-03,2002-02-10,2002-02-17,12.869230769230768,13
,530330021,2002-02-17,2002-02-24,2002-03-03,10.457142857142857,14
,530330021,2002-03-03,2002-03-10,2002-03-17,6.750000000000001,12
,530330021,2002-03-17,2002-03-24,2002-03-31,8.378571428571428,14
,530330021,2002-03-31,2002-04-07,2002-04-14,6.807142857142858,14
,530330021,2002-04-14,2002-04-21,2002-04-28,7.578571428571429,14
,530330021,2002-04-28,2002-05-05,2002-05-12,7.178571428571429,14
,530330021,2002-05-26,2002-06-02,2002-06-09,5.085714285714287,14
,530330021,2002-06-09,2002-06-16,2002-06-23,8.178571428571429,14
,530330021,2002-06-23,2002-06-30,2002-07-07,6.664285714285714,14
,530330021,2002-07-07,2002-07-14,2002-07-21,7.253846153846154,13
,530330021,2002-08-04,2002-08-11,2002-08-18,9.266666666666667,12
,530330021,2002-08-18,2002-08-25,2002-09-01,10.684615384615388,13
,530330021,2002-09-01,2002-09-08,2002-09-15,8.36923076923077,13
,530330021,2002-09-15,2002-09-22,2002-09-29,9.021428571428574,14
,530330021,2002-09-29,2002-10-06,2002-10-13,10.121428571428572,14
,530330021,2002-10-13,2002-10-20,2002-10-27,21.428571428571427,14
,530330021,2002-10-27,2002-11-03,2002-11-10,20.507142857142856,14
,530330021,2002-12-08,2002-12-15,2002-12-22,9.507142857142858,14
,530530029,1999-10-17,1999-10-24,1999-10-31,18.349999999999998,14
,530530029,1999-10-31,1999-11-07,1999-11-14,13.078571428571427,14
,530530029,1999-11-14,1999-11-21,1999-11-28,10.123076923076924,13
,530530029,1999-11-28,1999-12-05,1999-12-12,11.22857142857143,14
,530530029,1999-12-12,1999-12-19,1999-12-26,11.978571428571428,14
,530530029,1999-12-26,2000-01-02,2000-01-09,14.649999999999997,14
,530530029,2000-01-23,2000-01-30,2000-02-06,20.27857142857143,14
,530530029,2000-02-06,2000-02-13,2000-02-20,19.257142857142856,14
,530530029,2000-02-20,2000-02-27,2000-03-05,11.142857142857144,14
,530530029,2000-03-05,2000-03-12,2000-03-19,12.657142857142857,14
,530530029,2000-03-19,2000-03-26,2000-04-02,9.821428571428573,14
,530530029,2000-04-02,2000-04-09,2000-04-16,9.071428571428571,14
,530530029,2000-04-16,2000-04-23,2000-04-30,6.764285714285715,14
,530530029,2000-04-30,2000-05-07,2000-05-14,5.164285714285714,14
,530530029,2000-05-14,2000-05-21,2000-05-28,5.6499999999999995,14
,530530029,2000-05-28,2000-06-04,2000-06-11,6.971428571428573,14
,530530029,2000-06-11,2000-06-18,2000-06-25,5.7857142857142865,14
,530530029,2000-06-25,2000-07-02,2000-07-09,10.476923076923075,13
,530530029,2000-07-23,2000-07-30,2000-08-06,6.500000000000001,13
,530530029,2000-08-06,2000-08-13,2000-08-20,7.071428571428572,14
,530530029,2000-08-20,2000-08-27,2000-09-03,6.2285714285714295,14
,530530029,2000-09-03,2000-09-10,2000-09-17,7.700000000000001,14
,530530029,2000-09-17,2000-09-24,2000-10-01,12.585714285714285,14
,530530029,2000-10-01,2000-10-08,2000-10-15,12.538461538461538,13
,530530029,2000-10-15,2000-10-22,2000-10-29,17.985714285714284,14
,530530029,2000-10-29,2000-11-05,2000-11-12,21.97692307692308,13
,530530029,2000-11-26,2000-12-03,2000-12-10,26.435714285714283,14
,530530029,2000-12-10,2000-12-17,2000-12-24,18.076923076923077,13
,530530029,2000-12-24,2000-12-31,2001-01-07,22.985714285714284,14
,530530029,2001-01-07,2001-01-14,2001-01-21,23.828571428571426,14
,530530029,2001-01-21,2001-01-28,2001-02-04,18.76153846153846,13
,530530029,2001-02-18,2001-02-25,2001-03-04,23.407142857142862,14
,530530029,2001-03-04,2001-03-11,2001-03-18,11.314285714285715,14
,530530029,2001-03-18,2001-03-25,2001-04-01,8.778571428571428,14
,530530029,2001-04-01,2001-04-08,2001-04-15,8.135714285714284,14
,530530029,2001-04-29,2001-05-06,2001-05-13,6.899999999999999,14
,530530029,2001-05-13,2001-05-20,2001-05-27,6.064285714285715,14
,530530029,2001-05-27,2001-06-03,2001-06-10,4.415384615384616,13
,530530029,2001-06-10,2001-06-17,2001-06-24,4.5928571428571425,14
,530530029,2001-06-24,2001-07-01,2001-07-08,6.885714285714286,14
,530530029,2001-07-08,2001-07-15,2001-07-22,5.785714285714286,14
,530530029,2001-07-22,2001-07-29,2001-08-05,5.285714285714286,14
,530530029,2001-08-05,2001-08-12,2001-08-19,8.485714285714286,14
,530530029,2001-08-19,2001-08-26,2001-09-02,6.014285714285714,14
,530530029,2001-09-02,2001-09-09,2001-09-16,8.121428571428572,14
,530530029,2001-09-16,2001-09-23,2001-09-30,9.169230769230769,13
,530530029,2001-09-30,2001-10-07,2001-10-14,9.614285714285714,14
,530530029,2001-10-14,2001-10-21,2001-10-28,11.578571428571427,14
,530530029,2001-10-28,2001-11-04,2001-11-11,26.442857142857147,14
,530530029,2001-11-11,2001-11-18,2001-11-25,12.330769230769231,13
,530530029,2001-11-25,2001-12-02,2001-12-09,7.471428571428572,14
,530530029,2001-12-09,2001-12-16,2001-12-23,9.771428571428572,14
,530530029,2002-01-06,2002-01-13,2002-01-20,13.821428571428568,14
,530530029,2002-01-20,2002-01-27,2002-02-03,8.214285714285714,14
,530530029,2002-02-03,2002-02-10,2002-02-17,16.871428571428574,14
,530530029,2002-02-17,2002-02-24,2002-03-03,12.942857142857145,14
,530530029,2002-03-03,2002-03-10,2002-03-17,8.335714285714285,14
,530530029,2002-03-17,2002-03-24,2002-03-31,7.857142857142856,14
,530530029,2002-03-31,2002-04-07,2002-04-14,6.728571428571429,14
,530530029,2002-04-14,2002-04-21,2002-04-28,6.485714285714287,14
,530530029,2002-04-28,2002-05-05,2002-05-12,6.578571428571429,14
,530530029,2002-05-12,2002-05-19,2002-05-26,6.557142857142857,14
,530530029,2002-05-26,2002-06-02,2002-06-09,4.514285714285714,14
,530530029,2002-06-09,2002-06-16,2002-06-23,7.235714285714287,14
,530530029,2002-07-07,2002-07-14,2002-07-21,6.633333333333334,12
,530530029,2002-07-21,2002-07-28,2002-08-04,6.428571428571429,14
,530530029,2002-08-04,2002-08-11,2002-08-18,7.328571428571428,14
,530530029,2002-08-18,2002-08-25,2002-09-01,6.921428571428572,14
,530530029,2002-09-01,2002-09-08,2002-09-15,6.261538461538461,13
,530530029,2002-09-15,2002-09-22,2002-09-29,7.300000000000002,14
,530530029,2002-09-29,2002-10-06,2002-10-13,9.021428571428572,14
,530530029,2002-10-13,2002-10-20,2002-10-27,20.52307692307692,13
,530530029,2002-10-27,2002-11-03,2002-11-10,27.12142857142857,14
,530530029,2002-11-10,2002-11-17,2002-11-24,14.399999999999999,13
,530530029,2002-12-08,2002-12-15,2002-12-22,9.835714285714285,14
,530530029,2002-12-22,2002-12-29,2003-01-05,12.328571428571427,14
,530530029,2010-01-10,2010-01-17,2010-01-24,8.392307692307693,13
,530530029,2010-01-24,2010-01-31,2010-02-07,11.392857142857142,14
,530530029,2010-02-07,2010-02-14,2010-02-21,10.507142857142856,14
,530530029,2010-04-04,2010-04-11,2010-04-18,5.6230769230769235,13
,530530029,2010-04-18,2010-04-25,2010-05-02,4.05,14
,530530029,2010-05-02,2010-05-09,2010-05-16,4.892857142857143,14
,530530029,2010-05-16,2010-05-23,2010-05-30,3.578571428571429,14
,530530029,2010-05-30,2010-06-06,2010-06-13,3.3500000000000005,14
,530530029,2010-06-13,2010-06-20,2010-06-27,3.6214285714285714,14
,530530029,2010-06-27,2010-07-04,2010-07-11,5.353846153846154,13
,530530029,2010-07-11,2010-07-18,2010-07-25,5.628571428571429,14
,530530029,2010-07-25,2010-08-01,2010-08-08,5.742857142857142,14
,530530029,2010-08-08,2010-08-15,2010-08-22,8.192307692307692,13
,530530029,2010-08-22,2010-08-29,2010-09-05,4.635714285714286,14
,530530029,2010-09-05,2010-09-12,2010-09-19,4.757142857142857,14
,530530029,2010-10-03,2010-10-10,2010-10-17,8.042857142857143,14
,530530029,2010-10-17,2010-10-24,2010-10-31,12.857142857142856,14
,530530029,2010-10-31,2010-11-07,2010-11-14,8.623076923076923,13
,530530029,2010-11-14,2010-11-21,2010-11-28,8.457142857142856,14
,530530029,2010-11-28,2010-12-05,2010-12-12,8.821428571428573,14
,530530029,2010-12-12,2010-12-19,2010-12-26,7.135714285714285,14
,530530029,2010-12-26,2011-01-02,2011-01-09,17.907142857142855,14
,530530029,2011-01-09,2011-01-16,2011-01-23,5.785714285714286,14
,530530029,2011-01-23,2011-01-30,2011-02-06,11.978571428571428,14
,530530029,2011-02-06,2011-02-13,2011-02-20,10.278571428571428,14
,530530029,2011-02-20,2011-02-27,2011-03-06,5.9,14
,530530029,2011-03-06,2011-03-13,2011-03-20,5.257142857142857,14
,530530029,2011-03-20,2011-03-27,2011-04-03,3.235714285714286,14
,530530029,2011-04-03,2011-04-10,2011-04-17,4.164285714285714,14
,530530029,2011-04-17,2011-04-24,2011-05-01,3.6428571428571423,14
,530530029,2011-05-01,2011-05-08,2011-05-15,4.628571428571428,14
,530530029,2011-05-15,2011-05-22,2011-05-29,4.378571428571428,14
,530530029,2011-05-29,2011-06-05,2011-06-12,4.857142857142857,14
,530530029,2011-06-12,2011-06-19,2011-06-26,3.107142857142857,14
,530530029,2011-06-26,2011-07-03,2011-07-10,5.607692307692309,13
,530530029,2011-07-10,2011-07-17,2011-07-24,3.8,14
,530530029,2011-07-24,2011-07-31,2011-08-07,5.021428571428571,14
,530530029,2011-08-07,2011-08-14,2011-08-21,5.814285714285714,14
,530530029,2011-08-21,2011-08-28,2011-09-04,6.538461538461539,13
,530530029,2011-09-04,2011-09-11,2011-09-18,8.99230769230769,13
,530530029,2011-09-18,2011-09-25,2011-10-02,5.416666666666667,12
,530530029,2011-10-02,2011-10-09,2011-10-16,6.792857142857144,14
,530530029,2011-10-16,2011-10-23,2011-10-30,11.428571428571429,14
,530530029,2011-10-30,2011-11-06,2011-11-13,16.035714285714285,14
,530530029,2011-11-13,2011-11-20,2011-11-27,13.225,12
,530530029,2011-12-11,2011-12-18,2011-12-25,18.376923076923077,13
,530530029,2011-12-25,2012-01-01,2012-01-08,7.021428571428571,14
,530530029,2012-01-08,2012-01-15,2012-01-22,13.464285714285712,14
,530530029,2012-01-22,2012-01-29,2012-02-05,11.764285714285714,14
,530530029,2012-02-05,2012-02-12,2012-02-19,8.9,14
,530530029,2012-02-19,2012-02-26,2012-03-04,4.507692307692308,13
,530530029,2012-03-04,2012-03-11,2012-03-18,5.564285714285715,14
,530530029,2012-03-18,2012-03-25,2012-04-01,5.3307692307692305,13
,530530029,2012-04-01,2012-04-08,2012-04-15,5.269230769230769,13
,530530029,2012-04-15,2012-04-22,2012-04-29,4.6499999999999995,14
,530530029,2012-04-29,2012-05-06,2012-05-13,6.092857142857142,14
,530530029,2012-05-13,2012-05-20,2012-05-27,6.621428571428572,14
,530530029,2012-05-27,2012-06-03,2012-06-10,3.5,13
,530530029,2012-06-10,2012-06-17,2012-06-24,3.6785714285714284,14
,530530029,2012-07-08,2012-07-15,2012-07-22,6.792857142857143,14
,530530029,2012-07-22,2012-07-29,2012-08-05,5.135714285714286,14
,530530029,2012-08-05,2012-08-12,2012-08-19,8.715384615384615,13
,530530029,2012-08-19,2012-08-26,2012-09-02,5.207692307692308,13
,530530029,2012-09-02,2012-09-09,2012-09-16,9.47857142857143,14
,530530029,2012-09-16,2012-09-23,2012-09-30,11.046153846153846,13
,530530029,2012-09-30,2012-10-07,2012-10-14,11.784615384615385,13
,530530029,2012-10-14,2012-10-21,2012-10-28,5.778571428571429,14
,530530029,2012-10-28,2012-11-04,2012-11-11,10.45,14
,530530029,2012-11-11,2012-11-18,2012-11-25,8.253846153846155,13
,530530029,2012-11-25,2012-12-02,2012-12-09,7.815384615384617,13
,530530029,2012-12-09,2012-12-16,2012-12-23,6.464285714285715,14
,530530029,2013-04-28,2013-05-05,2013-05-12,5.6499999999999995,14
,530530029,2013-05-12,2013-05-19,2013-05-26,2.9571428571428577,14
,530530029,2013-05-26,2013-06-02,2013-06-09,3.4000000000000004,13
,530530029,2013-06-09,2013-06-16,2013-06-23,2.838461538461538,13
,530530029,2013-06-23,2013-06-30,2013-07-07,4.453846153846154,13
,530530029,2013-07-07,2013-07-14,2013-07-21,5.600000000000001,14
,530530029,2013-07-21,2013-07-28,2013-08-04,4.776923076923078,13
,530530029,2013-08-04,2013-08-11,2013-08-18,4.635714285714286,14
,530530029,2013-08-18,2013-08-25,2013-09-01,4.728571428571428,14
,530530029,2013-09-01,2013-09-08,2013-09-15,6.753846153846153,13
,530530029,2013-09-15,2013-09-22,2013-09-29,4.084615384615384,13
,530530029,2013-09-29,2013-10-06,2013-10-13,8.038461538461538,13
,530530029,2013-10-13,2013-10-20,2013-10-27,17.784615384615385,13
,530530029,2013-10-27,2013-11-03,2013-11-10,8.308333333333334,12
,530530029,2013-11-10,2013-11-17,2013-11-24,9.321428571428571,14
,530530029,2013-11-24,2013-12-01,2013-12-08,20.092857142857145,14
,530530029,2013-12-08,2013-12-15,2013-12-22,13.214285714285714,14
,530530029,2013-12-22,2013-12-29,2014-01-05,13.923076923076922,13
,530530029,2014-01-05,2014-01-12,2014-01-19,10.171428571428573,14
,530530029,2014-01-19,2014-01-26,2014-02-02,17.36666666666667,12
,530530029,2014-02-02,2014-02-09,2014-02-16,6.9,14
,530530029,2014-02-16,2014-02-23,2014-03-02,4.423076923076923,13
,530530029,2014-03-02,2014-03-09,2014-03-16,4.564285714285714,14
,530530029,2014-03-16,2014-03-23,2014-03-30,3.5769230769230775,13
,530530029,2014-03-30,2014-04-06,2014-04-13,3.569230769230769,13
,530530029,2014-04-13,2014-04-20,2014-04-27,4.271428571428571,14
,530530029,2014-04-27,2014-05-04,2014-05-11,3.730769230769231,13
,530530029,2014-05-11,2014-05-18,2014-05-25,5.242857142857143,14
,530530029,2014-05-25,2014-06-01,2014-06-08,5.285714285714286,14
,530530029,2014-06-08,2014-06-15,2014-06-22,3.8769230769230774,13
,530530029,2014-06-22,2014-06-29,2014-07-06,6.621428571428572,14
,530530029,2014-07-06,2014-07-13,2014-07-20,6.091666666666668,12
,530530029,2014-07-20,2014-07-27,2014-08-03,5.3,14
,530530029,2014-08-03,2014-08-10,2014-08-17,6.328571428571428,14
,530530029,2014-08-31,2014-09-07,2014-09-14,4.7749999999999995,12
,530530029,2014-09-14,2014-09-21,2014-09-28,6.0357142857142865,14
,530530029,2014-09-28,2014-10-05,2014-10-12,8.592857142857143,14
,530530029,2014-10-12,2014-10-19,2014-10-26,3.1923076923076916,13
,530530029,2014-10-26,2014-11-02,2014-11-09,6.5357142857142865,14
,530530029,2014-11-09,2014-11-16,2014-11-23,17.728571428571428,14
,530530029,2014-11-23,2014-11-30,2014-12-07,11.457142857142856,14
,530530029,2014-12-21,2014-12-28,2015-01-04,12.891666666666666,12
,530530029,2015-01-04,2015-01-11,2015-01-18,10.250000000000002,14
,530530029,2015-01-18,2015-01-25,2015-02-01,9.515384615384615,13
,530530029,2015-02-01,2015-02-08,2015-02-15,5.457142857142857,14
,530530029,2015-02-15,2015-02-22,2015-03-01,6.850000000000001,14
,530530029,2015-03-01,2015-03-08,2015-03-15,11.714285714285714,14
,530530029,2015-03-15,2015-03-22,2015-03-29,4.121428571428572,14
,530530029,2015-03-29,2015-04-05,2015-04-12,4.553846153846154,13
,530530029,2015-04-12,2015-04-19,2015-04-26,5.685714285714286,14
,530530029,2015-04-26,2015-05-03,2015-05-10,5.55,12
,530530029,2015-05-10,2015-05-17,2015-05-24,4.5,14
,530530029,2015-05-24,2015-05-31,2015-06-07,4.1499999999999995,14
,530530029,2015-06-07,2015-06-14,2015-06-21,5.5857142857142845,14
,530530029,2015-06-21,2015-06-28,2015-07-05,7.964285714285714,14
,530530029,2015-07-05,2015-07-12,2015-07-19,9.45,14
,530530029,2015-07-19,2015-07-26,2015-08-02,4.921428571428571,14
,530530029,2015-08-02,2015-08-09,2015-08-16,4.614285714285715,14
,530530029,2015-08-16,2015-08-23,2015-08-30,8.092857142857143,14
,530530029,2015-08-30,2015-09-06,2015-09-13,4.321428571428572,14
,530530029,2015-09-13,2015-09-20,2015-09-27,3.6500000000000012,14
,530530029,2015-09-27,2015-10-04,2015-10-11,8.114285714285716,14
,530530029,2015-10-11,2015-10-18,2015-10-25,7.985714285714285,14
,530530029,2015-10-25,2015-11-01,2015-11-08,6.878571428571429,14
,530530029,2015-11-08,2015-11-15,2015-11-22,6.428571428571429,14
,530530029,2015-11-22,2015-11-29,2015-12-06,19.12142857142857,14
,530530029,2015-12-20,2015-12-27,2016-01-03,15.257142857142856,14
,530530029,2016-01-03,2016-01-10,2016-01-17,16.130769230769232,13
,530530029,2016-01-17,2016-01-24,2016-01-31,5.466666666666668,12
,530530029,2016-02-14,2016-02-21,2016-02-28,6.8307692307692305,13
,530530029,2016-02-28,2016-03-06,2016-03-13,3.8428571428571425,14
,530530029,2016-03-13,2016-03-20,2016-03-27,5.723076923076923,13
,530530029,2016-03-27,2016-04-03,2016-04-10,8.966666666666667,12
,530530029,2016-04-10,2016-04-17,2016-04-24,7.308333333333334,12
,530530029,2016-04-24,2016-05-01,2016-05-08,6.86923076923077,13
,530530029,2016-05-22,2016-05-29,2016-06-05,4.908333333333333,12
,530530029,2016-06-05,2016-06-12,2016-06-19,4.230769230769231,13
,530530029,2016-06-19,2016-06-26,2016-07-03,4.242857142857143,14
,530530029,2016-07-03,2016-07-10,2016-07-17,4.850000000000001,14
,530530029,2016-07-17,2016-07-24,2016-07-31,6.285714285714286,14
,530530029,2016-07-31,2016-08-07,2016-08-14,7.084615384615384,13
,530530029,2016-08-14,2016-08-21,2016-08-28,7.123076923076923,13
,530530029,2016-08-28,2016-09-04,2016-09-11,4.235714285714286,14
,530530029,2016-09-11,2016-09-18,2016-09-25,5.13076923076923,13
,530530029,2016-09-25,2016-10-02,2016-10-09,5.033333333333334,12
,530530029,2016-10-09,2016-10-16,2016-10-23,4.575,12
,530530029,2016-10-23,2016-10-30,2016-11-06,7.346153846153846,13
,530530029,2016-11-06,2016-11-13,2016-11-20,7.246153846153846,13
,530530029,2016-11-20,2016-11-27,2016-12-04,3.714285714285715,14
,530530029,2016-12-04,2016-12-11,2016-12-18,7.957142857142856,14
,530530029,2017-01-01,2017-01-08,2017-01-15,13.492857142857142,14
,530530029,2017-01-15,2017-01-22,2017-01-29,14.684615384615382,13
,530530029,2017-01-29,2017-02-05,2017-02-12,5.676923076923078,13
,530530029,2017-02-12,2017-02-19,2017-02-26,8.528571428571428,14
,530530029,2017-02-26,2017-03-05,2017-03-12,3.069230769230769,13
,530530029,2017-03-12,2017-03-19,2017-03-26,4.676923076923075,13
,530530029,2017-03-26,2017-04-02,2017-04-09,3.95,14
,530530029,2017-04-09,2017-04-16,2017-04-23,3.5642857142857145,14
,530530029,2017-04-23,2017-04-30,2017-05-07,3.2428571428571433,14
,530530029,2017-05-07,2017-05-14,2017-05-21,3.8714285714285714,14
,530530029,2017-05-21,2017-05-28,2017-06-04,6.1692307692307695,13
,530530029,2017-06-04,2017-06-11,2017-06-18,3.4928571428571438,14
,530530029,2017-06-18,2017-06-25,2017-07-02,6.25,14
,530530029,2017-07-30,2017-08-06,2017-08-13,27.94615384615385,13
,530530029,2017-08-13,2017-08-20,2017-08-27,4.857142857142857,14
,530530029,2017-08-27,2017-09-03,2017-09-10,9.307692307692307,13
,530530029,2017-09-10,2017-09-17,2017-09-24,7.53076923076923,13
,530530029,2017-09-24,2017-10-01,2017-10-08,7.353846153846155,13
,530530029,2017-10-08,2017-10-15,2017-10-22,7.478571428571429,14
,530530029,2017-10-22,2017-10-29,2017-11-05,11.49230769230769,13
,530530029,2017-11-05,2017-11-12,2017-11-19,7.483333333333334,12
,530530029,2017-11-19,2017-11-26,2017-12-03,4.757142857142858,14
,530530029,2017-12-03,2017-12-10,2017-12-17,21.792307692307695,13
,530530029,2017-12-31,2018-01-07,2018-01-14,11.63076923076923,13
,530530029,2018-01-14,2018-01-21,2018-01-28,4.384615384615385,13
,530530031,1999-01-10,1999-01-17,1999-01-24,9.12142857142857,14
,530530031,1999-01-24,1999-01-31,1999-02-07,8.957142857142857,14
,530530031,1999-02-07,1999-02-14,1999-02-21,11.916666666666666,12
,530530031,1999-02-21,1999-02-28,1999-03-07,6.316666666666666,12
,530530031,1999-03-07,1999-03-14,1999-03-21,11.035714285714286,14
,530530031,1999-03-21,1999-03-28,1999-04-04,7.207142857142856,14
,530530031,1999-04-04,1999-04-11,1999-04-18,10.257142857142856,14
,530530031,1999-04-18,1999-04-25,1999-05-02,9.25,14
,530530031,1999-05-02,1999-05-09,1999-05-16,6.792857142857143,14
,530530031,1999-05-16,1999-05-23,1999-05-30,8.75,14
,530530031,1999-05-30,1999-06-06,1999-06-13,7.342857142857143,14
,530530031,1999-06-13,1999-06-20,1999-06-27,6.264285714285713,14
,530530031,1999-06-27,1999-07-04,1999-07-11,9.878571428571428,14
,530530031,1999-07-11,1999-07-18,1999-07-25,9.357142857142858,14
,530530031,1999-07-25,1999-08-01,1999-08-08,11.664285714285715,14
,530530031,1999-08-08,1999-08-15,1999-08-22,7.828571428571428,14
,530530031,1999-08-22,1999-08-29,1999-09-05,10.999999999999998,14
,530530031,1999-09-05,1999-09-12,1999-09-19,13.278571428571428,14
,530530031,1999-10-03,1999-10-10,1999-10-17,13.384615384615385,13
,530530031,1999-10-17,1999-10-24,1999-10-31,18.191666666666666,12
,530530031,1999-10-31,1999-11-07,1999-11-14,15.276923076923074,13
,530530031,1999-11-14,1999-11-21,1999-11-28,13.299999999999997,14
,530530031,1999-11-28,1999-12-05,1999-12-12,12.221428571428572,14
,530530031,1999-12-12,1999-12-19,1999-12-26,12.178571428571429,14
,530530031,1999-12-26,2000-01-02,2000-01-09,16.150000000000006,14
,530530031,2000-01-09,2000-01-16,2000-01-23,12.242857142857142,14
,530530031,2000-01-23,2000-01-30,2000-02-06,17.79285714285714,14
,530530031,2000-02-06,2000-02-13,2000-02-20,16.192857142857143,14
,530530031,2000-02-20,2000-02-27,2000-03-05,11.714285714285712,14
,530530031,2000-03-05,2000-03-12,2000-03-19,12.75,14
,530530031,2000-03-19,2000-03-26,2000-04-02,10.364285714285712,14
,530530031,2000-04-02,2000-04-09,2000-04-16,11.085714285714287,14
,530530031,2000-04-16,2000-04-23,2000-04-30,8.435714285714287,14
,530530031,2000-04-30,2000-05-07,2000-05-14,6.842857142857143,14
,530530031,2000-05-14,2000-05-21,2000-05-28,7.700000000000002,14
,530530031,2000-05-28,2000-06-04,2000-06-11,8.485714285714286,14
,530530031,2000-06-11,2000-06-18,2000-06-25,7.592857142857142,14
,530530031,2000-06-25,2000-07-02,2000-07-09,11.057142857142855,14
,530530031,2000-07-09,2000-07-16,2000-07-23,9.285714285714286,14
,530530031,2000-07-23,2000-07-30,2000-08-06,8.921428571428569,14
,530530031,2000-08-06,2000-08-13,2000-08-20,9.77857142857143,14
,530530031,2000-08-20,2000-08-27,2000-09-03,8.114285714285714,14
,530530031,2000-09-03,2000-09-10,2000-09-17,9.214285714285714,14
,530530031,2000-09-17,2000-09-24,2000-10-01,12.558333333333332,12
,530530031,2000-10-01,2000-10-08,2000-10-15,12.976923076923079,13
,530530031,2000-10-15,2000-10-22,2000-10-29,17.63076923076923,13
,530530031,2000-10-29,2000-11-05,2000-11-12,16.71428571428571,14
,530530031,2000-11-12,2000-11-19,2000-11-26,32.300000000000004,14
,530530031,2000-11-26,2000-12-03,2000-12-10,21.26428571428571,14
,530530031,2000-12-10,2000-12-17,2000-12-24,17.40714285714286,14
,530530031,2000-12-24,2000-12-31,2001-01-07,21.157142857142855,14
,530530031,2001-01-07,2001-01-14,2001-01-21,23.96428571428571,14
,530530031,2001-01-21,2001-01-28,2001-02-04,16.12142857142857,14
,530530031,2001-02-18,2001-02-25,2001-03-04,16.607142857142858,14
,530530031,2001-03-04,2001-03-11,2001-03-18,11.183333333333335,12
,530530031,2001-03-18,2001-03-25,2001-04-01,9.15,14
,530530031,2001-04-01,2001-04-08,2001-04-15,7.771428571428571,14
,530530031,2001-04-15,2001-04-22,2001-04-29,8.285714285714285,14
,530530031,2001-04-29,2001-05-06,2001-05-13,8.092857142857143,14
,530530031,2001-05-13,2001-05-20,2001-05-27,8.164285714285715,14
,530530031,2001-05-27,2001-06-03,2001-06-10,5.828571428571428,14
,530530031,2001-06-10,2001-06-17,2001-06-24,6.221428571428571,14
,530530031,2001-06-24,2001-07-01,2001-07-08,8.071428571428573,14
,530530031,2001-07-08,2001-07-15,2001-07-22,7.423076923076923,13
,530530031,2001-07-22,2001-07-29,2001-08-05,6.615384615384614,13
,530530031,2001-08-05,2001-08-12,2001-08-19,10.757142857142856,14
,530530031,2001-08-19,2001-08-26,2001-09-02,7.671428571428572,14
,530530031,2001-09-02,2001-09-09,2001-09-16,9.657142857142857,14
,530530031,2001-09-16,2001-09-23,2001-09-30,10.4,14
,530530031,2001-09-30,2001-10-07,2001-10-14,10.5,14
,530530031,2001-10-14,2001-10-21,2001-10-28,10.314285714285715,14
,530530031,2001-10-28,2001-11-04,2001-11-11,20.07857142857143,14
,530530031,2001-11-11,2001-11-18,2001-11-25,12.664285714285713,14
,530530031,2001-11-25,2001-12-02,2001-12-09,7.6000000000000005,14
,530530031,2001-12-09,2001-12-16,2001-12-23,8.378571428571428,14
,530530031,2001-12-23,2001-12-30,2002-01-06,22.564285714285713,14
,530530031,2002-01-06,2002-01-13,2002-01-20,13.464285714285717,14
,530530031,2002-01-20,2002-01-27,2002-02-03,7.192857142857142,14
,530530031,2002-02-03,2002-02-10,2002-02-17,14.5,14
,530530031,2002-02-17,2002-02-24,2002-03-03,11.335714285714285,14
,530530031,2002-03-03,2002-03-10,2002-03-17,7.485714285714285,14
,530530031,2002-03-17,2002-03-24,2002-03-31,8.049999999999999,14
,530530031,2002-03-31,2002-04-07,2002-04-14,7.057142857142858,14
,530530031,2002-04-14,2002-04-21,2002-04-28,7.828571428571429,14
,530530031,2002-05-12,2002-05-19,2002-05-26,7.666666666666668,12
,530530031,2002-05-26,2002-06-02,2002-06-09,6.278571428571429,14
,530530031,2002-06-09,2002-06-16,2002-06-23,8.438461538461537,13
,530530031,2002-06-23,2002-06-30,2002-07-07,7.507142857142857,14
,530530031,2002-07-07,2002-07-14,2002-07-21,7.728571428571428,14
,530530031,2002-07-21,2002-07-28,2002-08-04,7.935714285714286,14
,530530031,2002-08-04,2002-08-11,2002-08-18,8.516666666666666,12
,530530031,2002-08-18,2002-08-25,2002-09-01,9,13
,530530031,2002-09-01,2002-09-08,2002-09-15,7.978571428571429,14
,530530031,2002-09-15,2002-09-22,2002-09-29,9.171428571428569,14
,530530031,2002-09-29,2002-10-06,2002-10-13,9.914285714285713,14
,530530031,2002-10-13,2002-10-20,2002-10-27,19.17142857142857,14
,530530031,2002-11-10,2002-11-17,2002-11-24,12.37857142857143,14
,530530031,2002-12-08,2002-12-15,2002-12-22,10.328571428571427,14
,530530031,2002-12-22,2002-12-29,2003-01-05,10.471428571428572,14
,410670111,1999-01-10,1999-01-17,1999-01-24,7.799999999999999,14
,410670111,1999-01-24,1999-01-31,1999-02-07,7,13
,410670111,1999-02-07,1999-02-14,1999-02-21,6.207142857142857,14
,410670111,1999-02-21,1999-02-28,1999-03-07,3.8230769230769233,13
,410670111,1999-03-07,1999-03-14,1999-03-21,7.364285714285714,14
,410670111,1999-03-21,1999-03-28,1999-04-04,4.2,14
,410670111,1999-04-04,1999-04-11,1999-04-18,5.823076923076924,13
,410670111,1999-04-18,1999-04-25,1999-05-02,5.642857142857143,14
,410670111,1999-05-16,1999-05-23,1999-05-30,4.816666666666666,12
,410670111,1999-05-30,1999-06-06,1999-06-13,4.053846153846154,13
,410670111,1999-06-13,1999-06-20,1999-06-27,3.935714285714286,14
,410670111,1999-06-27,1999-07-04,1999-07-11,7.521428571428571,14
,410670111,1999-08-08,1999-08-15,1999-08-22,5.235714285714286,14
,410670111,1999-08-22,1999-08-29,1999-09-05,6.278571428571428,14
,530610020,2007-12-02,2007-12-09,2007-12-16,13.575000000000003,12
,530610020,2007-12-16,2007-12-23,2007-12-30,8.492857142857144,14
,530610020,2009-03-08,2009-03-15,2009-03-22,5.516666666666667,12
,530370002,2008-02-10,2008-02-17,2008-02-24,10.2,12
,530370002,2008-02-24,2008-03-02,2008-03-09,6.776923076923077,13
,410510246,1999-09-05,1999-09-12,1999-09-19,9.028571428571428,14
,410510246,1999-09-19,1999-09-26,1999-10-03,10.353846153846153,13
,410510246,1999-10-03,1999-10-10,1999-10-17,11.26428571428571,14
,410510246,1999-10-17,1999-10-24,1999-10-31,15.62142857142857,14
,410510246,1999-10-31,1999-11-07,1999-11-14,12.46923076923077,13
,410510246,1999-11-14,1999-11-21,1999-11-28,8.475,12
,410510246,1999-12-12,1999-12-19,1999-12-26,7.178571428571429,14
,410510246,1999-12-26,2000-01-02,2000-01-09,11.483333333333334,12
,410510246,2000-01-09,2000-01-16,2000-01-23,9.428571428571429,14
,410510246,2000-01-23,2000-01-30,2000-02-06,8.871428571428572,14
,410510246,2000-02-06,2000-02-13,2000-02-20,13.314285714285715,14
,410510246,2000-02-20,2000-02-27,2000-03-05,10.207142857142857,14
,410510246,2000-03-05,2000-03-12,2000-03-19,10.15,12
,410510246,2000-03-19,2000-03-26,2000-04-02,10.442857142857145,14
,410510246,2000-04-02,2000-04-09,2000-04-16,9.135714285714284,14
,410510246,2000-04-16,2000-04-23,2000-04-30,6.857142857142856,14
,410510246,2000-04-30,2000-05-07,2000-05-14,5.621428571428572,14
,410510246,2000-05-14,2000-05-21,2000-05-28,6.121428571428572,14
,410510246,2000-05-28,2000-06-04,2000-06-11,5.0214285714285705,14
,410510246,2000-06-11,2000-06-18,2000-06-25,4.4714285714285715,14
,410510246,2000-07-09,2000-07-16,2000-07-23,6.278571428571429,14
,410510246,2000-07-23,2000-07-30,2000-08-06,7.121428571428571,14
,410510246,2000-08-06,2000-08-13,2000-08-20,6.335714285714286,14
,410510246,2000-08-20,2000-08-27,2000-09-03,5.866666666666667,12
,410510246,2000-09-03,2000-09-10,2000-09-17,7.06923076923077,13
,410510246,2000-09-17,2000-09-24,2000-10-01,7.114285714285714,14
,410510246,2000-10-01,2000-10-08,2000-10-15,11.05,14
,410510246,2000-10-15,2000-10-22,2000-10-29,13.935714285714285,14
,410510246,2000-10-29,2000-11-05,2000-11-12,15.907142857142855,14
,410510246,2000-11-12,2000-11-19,2000-11-26,23.328571428571433,14
,410510246,2000-11-26,2000-12-03,2000-12-10,12.961538461538462,13
,410510246,2000-12-10,2000-12-17,2000-12-24,11.569230769230769,13
,410510246,2000-12-24,2000-12-31,2001-01-07,9.514285714285714,14
,410510246,2001-01-07,2001-01-14,2001-01-21,12.614285714285716,14
,410510246,2001-01-21,2001-01-28,2001-02-04,11.271428571428572,14
,410510246,2001-02-04,2001-02-11,2001-02-18,12.078571428571426,14
,410510246,2001-02-18,2001-02-25,2001-03-04,12.25,14
,410510246,2001-03-04,2001-03-11,2001-03-18,9.307692307692308,13
,410510246,2001-03-18,2001-03-25,2001-04-01,8.535714285714286,14
,410510246,2001-04-01,2001-04-08,2001-04-15,7.992857142857143,14
,410510246,2001-04-15,2001-04-22,2001-04-29,8.007142857142858,14
,410510246,2001-04-29,2001-05-06,2001-05-13,6.757142857142857,14
,410510246,2001-05-27,2001-06-03,2001-06-10,4.978571428571429,14
,410510246,2001-06-10,2001-06-17,2001-06-24,4.535714285714286,14
,410510246,2001-06-24,2001-07-01,2001-07-08,7.428571428571429,14
,410510246,2001-07-08,2001-07-15,2001-07-22,5.541666666666667,12
,410510246,2001-07-22,2001-07-29,2001-08-05,5.114285714285715,14
,410510246,2001-08-05,2001-08-12,2001-08-19,9.15,14
,410510246,2001-09-02,2001-09-09,2001-09-16,7.6,13
,410510246,2001-09-16,2001-09-23,2001-09-30,11.161538461538461,13
,410510246,2001-09-30,2001-10-07,2001-10-14,9.85,14
,410510246,2001-10-14,2001-10-21,2001-10-28,13.935714285714285,14
,410510246,2001-10-28,2001-11-04,2001-11-11,16.184615384615384,13
,410510246,2001-11-11,2001-11-18,2001-11-25,9.078571428571427,14
,410510246,2001-11-25,2001-12-02,2001-12-09,8.664285714285715,14
,410510246,2001-12-09,2001-12-16,2001-12-23,6.257142857142858,14
,410510246,2001-12-23,2001-12-30,2002-01-06,8.028571428571428,14
,410510246,2002-01-06,2002-01-13,2002-01-20,13.721428571428572,14
,410510246,2002-01-20,2002-01-27,2002-02-03,6.021428571428571,14
,410510246,2002-02-03,2002-02-10,2002-02-17,8.728571428571428,14
,410510246,2002-02-17,2002-02-24,2002-03-03,8.538461538461538,13
,410510246,2002-03-03,2002-03-10,2002-03-17,7.607692307692307,13
,410510246,2002-03-17,2002-03-24,2002-03-31,7.735714285714285,14
,410510246,2002-03-31,2002-04-07,2002-04-14,5.114285714285714,14
,410510246,2002-04-14,2002-04-21,2002-04-28,6.571428571428571,14
,410510246,2002-04-28,2002-05-05,2002-05-12,7.064285714285715,14
,410510246,2002-05-12,2002-05-19,2002-05-26,6.2714285714285705,14
,410510246,2002-05-26,2002-06-02,2002-06-09,4.250000000000001,14
,410510246,2002-06-09,2002-06-16,2002-06-23,7.085714285714284,14
,410510246,2002-06-23,2002-06-30,2002-07-07,6.221428571428572,14
,410510246,2002-07-07,2002-07-14,2002-07-21,6.223076923076922,13
,410510246,2002-07-21,2002-07-28,2002-08-04,6.328571428571427,14
,410510246,2002-08-04,2002-08-11,2002-08-18,6.884615384615385,13
,410510246,2002-08-18,2002-08-25,2002-09-01,6.353846153846153,13
,410510246,2002-09-01,2002-09-08,2002-09-15,6.921428571428571,14
,410510246,2002-09-15,2002-09-22,2002-09-29,6.523076923076923,13
,410510246,2002-09-29,2002-10-06,2002-10-13,9.264285714285716,14
,410510246,2002-10-13,2002-10-20,2002-10-27,14.838461538461539,13
,410510246,2002-10-27,2002-11-03,2002-11-10,15.23846153846154,13
,410510246,2002-11-10,2002-11-17,2002-11-24,17.3,12
,410510246,2002-11-24,2002-12-01,2002-12-08,14.923076923076923,13
,410510246,2002-12-08,2002-12-15,2002-12-22,5.716666666666666,12
,530330080,1999-12-26,2000-01-02,2000-01-09,12.457142857142857,14
,530330080,2000-01-09,2000-01-16,2000-01-23,6.7,14
,530330080,2000-01-23,2000-01-30,2000-02-06,10.528571428571428,14
,530330080,2000-02-06,2000-02-13,2000-02-20,11.421428571428573,14
,530330080,2000-02-20,2000-02-27,2000-03-05,7.2749999999999995,12
,530330080,2000-03-05,2000-03-12,2000-03-19,9.164285714285715,14
,530330080,2000-03-19,2000-03-26,2000-04-02,8.214285714285714,14
,530330080,2000-04-02,2000-04-09,2000-04-16,10.064285714285715,14
,530330080,2000-04-16,2000-04-23,2000-04-30,7.161538461538461,13
,530330080,2000-05-14,2000-05-21,2000-05-28,5.883333333333334,12
,530330080,2000-05-28,2000-06-04,2000-06-11,7.1,14
,530330080,2000-06-11,2000-06-18,2000-06-25,4.841666666666667,12
,530330080,2000-07-09,2000-07-16,2000-07-23,6.983333333333333,12
,530330080,2000-07-23,2000-07-30,2000-08-06,7.783333333333334,12
,530330080,2000-08-06,2000-08-13,2000-08-20,8.085714285714285,14
,530330080,2000-08-20,2000-08-27,2000-09-03,6.542857142857144,14
,530330080,2000-09-17,2000-09-24,2000-10-01,10.342857142857142,14
,530330080,2000-10-01,2000-10-08,2000-10-15,10.407692307692308,13
,530330080,2000-10-29,2000-11-05,2000-11-12,12.035714285714286,14
,530330080,2000-11-12,2000-11-19,2000-11-26,19.314285714285717,14
,530330080,2000-11-26,2000-12-03,2000-12-10,11.430769230769227,13
,530330080,2000-12-10,2000-12-17,2000-12-24,9.578571428571427,14
,530330080,2000-12-24,2000-12-31,2001-01-07,12.407142857142858,14
,530330080,2001-01-07,2001-01-14,2001-01-21,12.914285714285715,14
,530330080,2001-01-21,2001-01-28,2001-02-04,10.242857142857144,14
,530330080,2001-02-04,2001-02-11,2001-02-18,10.185714285714287,14
,530330080,2001-02-18,2001-02-25,2001-03-04,11.714285714285714,14
,530330080,2001-03-04,2001-03-11,2001-03-18,9.261538461538462,13
,530330080,2001-03-18,2001-03-25,2001-04-01,6.942857142857143,14
,530330080,2001-04-01,2001-04-08,2001-04-15,6.0928571428571425,14
,530330080,2001-04-29,2001-05-06,2001-05-13,7.991666666666668,12
,530330080,2001-05-13,2001-05-20,2001-05-27,7.142857142857143,14
,530330080,2001-05-27,2001-06-03,2001-06-10,5.521428571428571,14
,530330080,2001-06-10,2001-06-17,2001-06-24,5.771428571428571,14
,530330080,2001-06-24,2001-07-01,2001-07-08,7.007692307692308,13
,530330080,2001-07-08,2001-07-15,2001-07-22,6.714285714285713,14
,530330080,2001-07-22,2001-07-29,2001-08-05,6.692857142857143,14
,530330080,2001-08-05,2001-08-12,2001-08-19,10.657142857142858,14
,530330080,2001-08-19,2001-08-26,2001-09-02,7.184615384615384,13
,530330080,2001-09-02,2001-09-09,2001-09-16,8.571428571428573,14
,530330080,2001-09-16,2001-09-23,2001-09-30,8.923076923076923,13
,530330080,2001-09-30,2001-10-07,2001-10-14,7.892857142857144,14
,530330080,2001-10-14,2001-10-21,2001-10-28,8.207142857142857,14
,530330080,2001-10-28,2001-11-04,2001-11-11,15.892857142857142,14
,530330080,2001-11-11,2001-11-18,2001-11-25,8.65,14
,530330080,2001-11-25,2001-12-02,2001-12-09,5.178571428571429,14
,530330080,2002-01-06,2002-01-13,2002-01-20,10.16923076923077,13
,530330080,2002-01-20,2002-01-27,2002-02-03,4.766666666666667,12
,530330080,2002-02-03,2002-02-10,2002-02-17,8.042857142857143,14
,530330080,2002-03-03,2002-03-10,2002-03-17,5.414285714285714,14
,530330080,2002-03-17,2002-03-24,2002-03-31,7.457142857142857,14
,530330080,2002-03-31,2002-04-07,2002-04-14,5.535714285714286,14
,530330080,2002-04-14,2002-04-21,2002-04-28,7.238461538461539,13
,530330080,2002-04-28,2002-05-05,2002-05-12,7.092857142857143,14
,530330080,2002-05-12,2002-05-19,2002-05-26,7.114285714285715,14
,530330080,2002-05-26,2002-06-02,2002-06-09,5.5928571428571425,14
,530330080,2002-06-09,2002-06-16,2002-06-23,8.107142857142858,14
,530330080,2002-06-23,2002-06-30,2002-07-07,6.361538461538462,13
,530330080,2002-07-07,2002-07-14,2002-07-21,7.007142857142858,14
,530330080,2002-07-21,2002-07-28,2002-08-04,8.215384615384616,13
,530330080,2002-08-04,2002-08-11,2002-08-18,8.321428571428571,14
,530330080,2002-08-18,2002-08-25,2002-09-01,9.757142857142856,14
,530330080,2002-09-01,2002-09-08,2002-09-15,7.442857142857144,14
,530330080,2002-09-15,2002-09-22,2002-09-29,7.078571428571428,14
,530330080,2002-09-29,2002-10-06,2002-10-13,9.342857142857143,14
,530330080,2002-10-13,2002-10-20,2002-10-27,17.942857142857143,14
,530330080,2002-10-27,2002-11-03,2002-11-10,14.942857142857141,14
,530330080,2002-11-10,2002-11-17,2002-11-24,11.700000000000001,14
,530330080,2002-11-24,2002-12-01,2002-12-08,19.3,14
,530330080,2002-12-08,2002-12-15,2002-12-22,6.699999999999998,14
,530330080,2002-12-22,2002-12-29,2003-01-05,5.8,14
,530330080,2003-01-05,2003-01-12,2003-01-19,13.371428571428572,14
,530330080,2003-01-19,2003-01-26,2003-02-02,7.714285714285714,14
,530330080,2003-02-02,2003-02-09,2003-02-16,14.585714285714284,14
,530330080,2003-02-16,2003-02-23,2003-03-02,7.884615384615385,13
,530330080,2003-03-02,2003-03-09,2003-03-16,5.085714285714286,14
,530330080,2003-03-16,2003-03-23,2003-03-30,5.035714285714286,14
,530330080,2003-03-30,2003-04-06,2003-04-13,5.375,12
,530330080,2003-04-13,2003-04-20,2003-04-27,5.730769230769231,13
,530330080,2003-04-27,2003-05-04,2003-05-11,6.435714285714285,14
,530330080,2003-05-11,2003-05-18,2003-05-25,7.0928571428571425,14
,530330080,2003-05-25,2003-06-01,2003-06-08,8.36923076923077,13
,530330080,2003-06-08,2003-06-15,2003-06-22,5.55,12
,530330080,2003-06-22,2003-06-29,2003-07-06,6.107692307692308,13
,530330080,2003-07-06,2003-07-13,2003-07-20,6.278571428571428,14
,530330080,2003-07-20,2003-07-27,2003-08-03,9.521428571428572,14
,530330080,2003-08-03,2003-08-10,2003-08-17,9.157142857142858,14
,530330080,2003-08-17,2003-08-24,2003-08-31,7.257142857142859,14
,530330080,2003-08-31,2003-09-07,2003-09-14,7.449999999999998,14
,530330080,2003-09-14,2003-09-21,2003-09-28,6.492857142857143,14
,530330080,2003-09-28,2003-10-05,2003-10-12,11.592857142857145,14
,530330080,2003-10-12,2003-10-19,2003-10-26,6.45,14
,530330080,2003-10-26,2003-11-02,2003-11-09,13.12857142857143,14
,530330080,2003-11-09,2003-11-16,2003-11-23,10.007142857142858,14
,530330080,2003-11-23,2003-11-30,2003-12-07,6.164285714285714,14
,530330080,2003-12-07,2003-12-14,2003-12-21,7.842857142857143,14
,530330080,2003-12-21,2003-12-28,2004-01-04,6.807142857142858,14
,530330080,2004-01-04,2004-01-11,2004-01-18,10.584615384615384,13
,530330080,2004-02-01,2004-02-08,2004-02-15,8.85,14
,530330080,2004-02-15,2004-02-22,2004-02-29,6.157142857142857,14
,530330080,2004-02-29,2004-03-07,2004-03-14,7.928571428571429,14
,530330080,2004-03-14,2004-03-21,2004-03-28,5.4,14
,530330080,2004-03-28,2004-04-04,2004-04-11,7.921428571428571,14
,530330080,2004-04-11,2004-04-18,2004-04-25,5.157142857142857,14
,530330080,2004-04-25,2004-05-02,2004-05-09,7.735714285714286,14
,530330080,2004-05-09,2004-05-16,2004-05-23,6.878571428571428,14
,530330080,2004-05-23,2004-05-30,2004-06-06,4.75,14
,530330080,2004-06-06,2004-06-13,2004-06-20,4.985714285714286,14
,530330080,2004-06-20,2004-06-27,2004-07-04,7.8357142857142845,14
,530330080,2004-07-04,2004-07-11,2004-07-18,7.3357142857142845,14
,530330080,2004-08-01,2004-08-08,2004-08-15,8.721428571428572,14
,530330080,2004-08-15,2004-08-22,2004-08-29,6.271428571428571,14
,530330080,2004-08-29,2004-09-05,2004-09-12,7.884615384615385,13
,530330080,2004-09-12,2004-09-19,2004-09-26,7.992857142857142,14
,530330080,2004-09-26,2004-10-03,2004-10-10,14.578571428571431,14
,530330080,2004-10-10,2004-10-17,2004-10-24,8.02142857142857,14
,530330080,2004-10-24,2004-10-31,2004-11-07,12,14
,530330080,2004-11-07,2004-11-14,2004-11-21,14.135714285714286,14
,530330080,2004-11-21,2004-11-28,2004-12-05,11.192857142857145,14
,530330080,2004-12-05,2004-12-12,2004-12-19,9.014285714285714,14
,530330080,2004-12-19,2004-12-26,2005-01-02,12.8,14
,530330080,2005-01-02,2005-01-09,2005-01-16,9.192857142857145,14
,530330080,2005-01-16,2005-01-23,2005-01-30,11.1,14
,530330080,2005-01-30,2005-02-06,2005-02-13,9.607142857142858,14
,530330080,2005-02-13,2005-02-20,2005-02-27,11.723076923076926,13
,530330080,2005-02-27,2005-03-06,2005-03-13,8.935714285714285,14
,530330080,2005-03-13,2005-03-20,2005-03-27,5.714285714285714,14
,530330080,2005-03-27,2005-04-03,2005-04-10,5.521428571428571,14
,530330080,2005-04-10,2005-04-17,2005-04-24,5.7857142857142865,14
,530330080,2005-04-24,2005-05-01,2005-05-08,7.3076923076923075,13
,530330080,2005-05-08,2005-05-15,2005-05-22,6.092857142857143,14
,530330080,2005-05-22,2005-05-29,2005-06-05,6.464285714285714,14
,530330080,2005-06-05,2005-06-12,2005-06-19,4.642857142857143,14
,530330080,2005-06-19,2005-06-26,2005-07-03,6.500000000000001,14
,530330080,2005-07-03,2005-07-10,2005-07-17,6.107142857142857,14
,530330080,2005-07-17,2005-07-24,2005-07-31,8.183333333333334,12
,530330080,2005-07-31,2005-08-07,2005-08-14,9.657142857142857,14
,530330080,2005-08-14,2005-08-21,2005-08-28,9.535714285714286,14
,530330080,2005-08-28,2005-09-04,2005-09-11,5.583333333333333,12
,530330080,2005-09-11,2005-09-18,2005-09-25,7.071428571428571,14
,530330080,2005-09-25,2005-10-02,2005-10-09,7.928571428571429,14
,530330080,2005-10-09,2005-10-16,2005-10-23,8.57142857142857,14
,530330080,2005-10-23,2005-10-30,2005-11-06,7.242857142857145,14
,530330080,2005-11-06,2005-11-13,2005-11-20,9.575000000000001,12
,530330080,2005-11-20,2005-11-27,2005-12-04,10.764285714285716,14
,530330080,2005-12-04,2005-12-11,2005-12-18,13.335714285714284,14
,530330080,2005-12-18,2005-12-25,2006-01-01,4.714285714285714,14
,530330080,2006-01-01,2006-01-08,2006-01-15,3.857142857142857,14
,530330080,2006-01-15,2006-01-22,2006-01-29,4.807142857142857,14
,530330080,2006-01-29,2006-02-05,2006-02-12,6.092857142857143,14
,530330080,2006-02-12,2006-02-19,2006-02-26,8.5,14
,530330080,2006-09-10,2006-09-17,2006-09-24,6.085714285714287,14
,530330080,2006-09-24,2006-10-01,2006-10-08,11.783333333333333,12
,530330080,2006-10-08,2006-10-15,2006-10-22,12.046153846153846,13
,530330080,2006-10-22,2006-10-29,2006-11-05,9.253846153846153,13
,530330080,2006-11-05,2006-11-12,2006-11-19,4.7384615384615385,13
,530330080,2006-11-19,2006-11-26,2006-12-03,5.9692307692307685,13
,530330080,2006-12-31,2007-01-07,2007-01-14,8.285714285714285,14
,530330080,2007-01-14,2007-01-21,2007-01-28,11.407142857142857,14
,530330080,2007-01-28,2007-02-04,2007-02-11,14.876923076923077,13
,530330080,2007-02-11,2007-02-18,2007-02-25,4.666666666666667,12
,530330080,2007-02-25,2007-03-04,2007-03-11,4.892857142857143,14
,530330080,2007-03-11,2007-03-18,2007-03-25,3.8142857142857145,14
,530330080,2007-04-08,2007-04-15,2007-04-22,4.628571428571428,14
,530330080,2007-04-22,2007-04-29,2007-05-06,5.307142857142857,14
,530330080,2007-05-06,2007-05-13,2007-05-20,7.4142857142857155,14
,530330080,2007-05-20,2007-05-27,2007-06-03,8.357142857142858,14
,530330080,2007-06-03,2007-06-10,2007-06-17,5.178571428571429,14
,530330080,2007-06-17,2007-06-24,2007-07-01,5.1571428571428575,14
,530330080,2007-07-01,2007-07-08,2007-07-15,7.314285714285715,14
,530330080,2007-07-15,2007-07-22,2007-07-29,5.228571428571429,14
,530330080,2007-07-29,2007-08-05,2007-08-12,5.285714285714286,14
,530330080,2007-08-26,2007-09-02,2007-09-09,8.166666666666666,12
,530330080,2007-09-09,2007-09-16,2007-09-23,8.46923076923077,13
,530330080,2007-09-23,2007-09-30,2007-10-07,6.278571428571429,14
,530330080,2007-10-07,2007-10-14,2007-10-21,8.464285714285715,14
,530330080,2007-10-21,2007-10-28,2007-11-04,10.957142857142856,14
,530330080,2007-11-04,2007-11-11,2007-11-18,10.271428571428572,14
,530330080,2007-11-18,2007-11-25,2007-12-02,10.87857142857143,14
,530330080,2007-12-16,2007-12-23,2007-12-30,4.314285714285715,14
,530330080,2008-01-27,2008-02-03,2008-02-10,3.7857142857142856,14
,530330080,2008-02-10,2008-02-17,2008-02-24,9.438461538461539,13
,530330080,2008-02-24,2008-03-02,2008-03-09,7.3571428571428585,14
,530330080,2008-03-23,2008-03-30,2008-04-06,4.828571428571429,14
,410090004,1999-01-10,1999-01-17,1999-01-24,6.885714285714285,14
,410090004,1999-01-24,1999-01-31,1999-02-07,5.325,12
,410090004,1999-02-07,1999-02-14,1999-02-21,5.283333333333333,12
,410090004,1999-02-21,1999-02-28,1999-03-07,3.692857142857143,14
,410090004,1999-03-07,1999-03-14,1999-03-21,7.575,12
,410090004,1999-03-21,1999-03-28,1999-04-04,3.9500000000000006,14
,410090004,1999-04-04,1999-04-11,1999-04-18,5.216666666666668,12
,410090004,1999-04-18,1999-04-25,1999-05-02,4.938461538461538,13
,410090004,1999-05-02,1999-05-09,1999-05-16,2.9142857142857146,14
,410090004,1999-05-16,1999-05-23,1999-05-30,5.6,13
,410090004,1999-05-30,1999-06-06,1999-06-13,4.757142857142858,14
,410090004,1999-06-13,1999-06-20,1999-06-27,3.4166666666666665,12
,530330057,1999-01-10,1999-01-17,1999-01-24,10.592857142857143,14
,530330057,1999-01-24,1999-01-31,1999-02-07,10.335714285714287,14
,530330057,1999-02-07,1999-02-14,1999-02-21,11.307142857142859,14
,530330057,1999-02-21,1999-02-28,1999-03-07,8.15,14
,530330057,1999-03-07,1999-03-14,1999-03-21,11.671428571428573,14
,530330057,1999-03-21,1999-03-28,1999-04-04,9.014285714285716,14
,530330057,1999-04-04,1999-04-11,1999-04-18,11.014285714285714,14
,530330057,1999-04-18,1999-04-25,1999-05-02,10.114285714285716,14
,530330057,1999-05-02,1999-05-09,1999-05-16,8.592857142857143,14
,530330057,1999-05-16,1999-05-23,1999-05-30,8.121428571428572,14
,530330057,1999-05-30,1999-06-06,1999-06-13,7.328571428571428,14
,530330057,1999-06-13,1999-06-20,1999-06-27,7.335714285714288,14
,530330057,1999-06-27,1999-07-04,1999-07-11,9.276923076923076,13
,530330057,1999-07-11,1999-07-18,1999-07-25,9.9,14
,530330057,1999-07-25,1999-08-01,1999-08-08,11.328571428571431,14
,530330057,1999-08-08,1999-08-15,1999-08-22,8.142857142857142,14
,530330057,1999-08-22,1999-08-29,1999-09-05,10.528571428571428,14
,530330057,1999-09-19,1999-09-26,1999-10-03,12.823076923076922,13
,530330057,1999-10-31,1999-11-07,1999-11-14,15.192857142857141,14
,530330057,1999-11-14,1999-11-21,1999-11-28,13.442857142857141,14
,530330057,1999-11-28,1999-12-05,1999-12-12,13.284615384615385,13
,530330057,1999-12-12,1999-12-19,1999-12-26,13.085714285714287,14
,530330057,1999-12-26,2000-01-02,2000-01-09,18.092857142857145,14
,530330057,2000-01-09,2000-01-16,2000-01-23,10.792857142857143,14
,530330057,2000-01-23,2000-01-30,2000-02-06,14.928571428571427,14
,530330057,2000-02-06,2000-02-13,2000-02-20,16.307142857142857,14
,530330057,2000-02-20,2000-02-27,2000-03-05,10.957142857142857,14
,530330057,2000-03-05,2000-03-12,2000-03-19,13.564285714285717,14
,530330057,2000-03-19,2000-03-26,2000-04-02,11.064285714285715,14
,530330057,2000-04-02,2000-04-09,2000-04-16,12.057142857142859,14
,530330057,2000-04-16,2000-04-23,2000-04-30,9.685714285714285,14
,530330057,2000-04-30,2000-05-07,2000-05-14,7.814285714285715,14
,530330057,2000-05-14,2000-05-21,2000-05-28,8.285714285714288,14
,530330057,2000-05-28,2000-06-04,2000-06-11,8.521428571428572,14
,530330057,2000-06-11,2000-06-18,2000-06-25,7.328571428571429,14
,530330057,2000-06-25,2000-07-02,2000-07-09,10.642857142857144,14
,530330057,2000-07-09,2000-07-16,2000-07-23,8.707142857142857,14
,530330057,2000-07-23,2000-07-30,2000-08-06,9.52142857142857,14
,530330057,2000-08-06,2000-08-13,2000-08-20,9.450000000000001,14
,530330057,2000-08-20,2000-08-27,2000-09-03,7.999999999999999,12
,530330057,2000-10-01,2000-10-08,2000-10-15,14.428571428571429,14
,530330057,2000-10-15,2000-10-22,2000-10-29,18.021428571428572,14
,530330057,2000-10-29,2000-11-05,2000-11-12,18.285714285714285,14
,530330057,2000-11-12,2000-11-19,2000-11-26,31.02142857142857,14
,530330057,2000-11-26,2000-12-03,2000-12-10,18.07857142857143,14
,530330057,2000-12-10,2000-12-17,2000-12-24,15.471428571428572,14
,530330057,2000-12-24,2000-12-31,2001-01-07,18.25,14
,530330057,2001-01-07,2001-01-14,2001-01-21,19.178571428571427,14
,530330057,2001-01-21,2001-01-28,2001-02-04,15.914285714285713,14
,530330057,2001-02-18,2001-02-25,2001-03-04,17.55,14
,530330057,2001-03-04,2001-03-11,2001-03-18,12.571428571428571,14
,530330057,2001-03-18,2001-03-25,2001-04-01,9.549999999999999,14
,530330057,2001-04-01,2001-04-08,2001-04-15,8.700000000000001,13
,530330057,2001-04-15,2001-04-22,2001-04-29,8.907142857142857,14
,530330057,2001-04-29,2001-05-06,2001-05-13,8.835714285714285,14
,530330057,2001-05-13,2001-05-20,2001-05-27,8.47857142857143,14
,530330057,2001-05-27,2001-06-03,2001-06-10,6.461538461538462,13
,530330057,2001-06-24,2001-07-01,2001-07-08,7.757142857142857,14
,530330057,2001-07-08,2001-07-15,2001-07-22,7.371428571428573,14
,530330057,2001-07-22,2001-07-29,2001-08-05,7.015384615384615,13
,530330057,2001-08-05,2001-08-12,2001-08-19,11.064285714285713,14
,530330057,2001-08-19,2001-08-26,2001-09-02,8.2,14
,530330057,2001-09-16,2001-09-23,2001-09-30,10.557142857142855,14
,530330057,2001-09-30,2001-10-07,2001-10-14,10.792307692307691,13
,530330057,2001-10-14,2001-10-21,2001-10-28,11.392857142857142,14
,530330057,2001-10-28,2001-11-04,2001-11-11,22.671428571428574,14
,530330057,2001-11-11,2001-11-18,2001-11-25,12.771428571428572,14
,530330057,2001-11-25,2001-12-02,2001-12-09,8.792857142857143,14
,530330057,2001-12-09,2001-12-16,2001-12-23,9.75,14
,530330057,2001-12-23,2001-12-30,2002-01-06,18.44285714285714,14
,530330057,2002-01-06,2002-01-13,2002-01-20,13.535714285714288,14
,530330057,2002-01-20,2002-01-27,2002-02-03,8.585714285714287,14
,530330057,2002-02-03,2002-02-10,2002-02-17,13.47857142857143,14
,530330057,2002-02-17,2002-02-24,2002-03-03,10.849999999999998,14
,530330057,2002-03-03,2002-03-10,2002-03-17,7.885714285714286,14
,530330057,2002-03-17,2002-03-24,2002-03-31,8.714285714285715,14
,530330057,2002-03-31,2002-04-07,2002-04-14,7.985714285714286,14
,530330057,2002-04-14,2002-04-21,2002-04-28,8.514285714285714,14
,530330057,2002-04-28,2002-05-05,2002-05-12,8.05,14
,530330057,2002-05-12,2002-05-19,2002-05-26,7.885714285714284,14
,530330057,2002-05-26,2002-06-02,2002-06-09,6.491666666666667,12
,530330057,2002-06-09,2002-06-16,2002-06-23,8.764285714285714,14
,530330057,2002-06-23,2002-06-30,2002-07-07,6.878571428571428,14
,530330057,2002-07-07,2002-07-14,2002-07-21,7.778571428571429,14
,530330057,2002-07-21,2002-07-28,2002-08-04,8.200000000000001,14
,530330057,2002-08-04,2002-08-11,2002-08-18,9.115384615384617,13
,530330057,2002-08-18,2002-08-25,2002-09-01,9.63076923076923,13
,530330057,2002-09-01,2002-09-08,2002-09-15,8.615384615384617,13
,530330057,2002-09-15,2002-09-22,2002-09-29,9.492857142857144,14
,530330057,2002-09-29,2002-10-06,2002-10-13,11.621428571428575,14
,530330057,2002-10-13,2002-10-20,2002-10-27,21.871428571428574,14
,530330057,2002-10-27,2002-11-03,2002-11-10,22.585714285714285,14
,530330057,2002-11-10,2002-11-17,2002-11-24,15.950000000000001,14
,530330057,2002-11-24,2002-12-01,2002-12-08,25.96428571428572,14
,530330057,2002-12-08,2002-12-15,2002-12-22,11.914285714285715,14
,530330057,2002-12-22,2002-12-29,2003-01-05,9.908333333333333,12
,530070006,2007-11-18,2007-11-25,2007-12-02,17.73846153846154,13
,530070006,2007-12-30,2008-01-06,2008-01-13,14.857142857142858,14
,530531018,1999-01-10,1999-01-17,1999-01-24,7.761538461538462,13
,530531018,1999-01-24,1999-01-31,1999-02-07,8.22307692307692,13
,530531018,1999-02-07,1999-02-14,1999-02-21,9.842857142857143,14
,530531018,1999-02-21,1999-02-28,1999-03-07,5.941666666666666,12
,530531018,1999-03-07,1999-03-14,1999-03-21,12.624999999999998,12
,530531018,1999-03-21,1999-03-28,1999-04-04,6.56923076923077,13
,530531018,1999-04-04,1999-04-11,1999-04-18,8.32857142857143,14
,530531018,1999-04-18,1999-04-25,1999-05-02,7.407142857142857,14
,530531018,1999-05-02,1999-05-09,1999-05-16,4.835714285714286,14
,530531018,1999-05-16,1999-05-23,1999-05-30,7.700000000000002,14
,530531018,1999-05-30,1999-06-06,1999-06-13,5.564285714285715,14
,530531018,1999-06-13,1999-06-20,1999-06-27,4.778571428571428,14
,530531018,1999-06-27,1999-07-04,1999-07-11,9.571428571428571,14
,530531018,1999-07-11,1999-07-18,1999-07-25,8.069230769230769,13
,530531018,1999-07-25,1999-08-01,1999-08-08,10.964285714285712,14
,530531018,1999-08-08,1999-08-15,1999-08-22,6.4642857142857135,14
,530531018,1999-08-22,1999-08-29,1999-09-05,8.171428571428573,14
,530531018,1999-09-05,1999-09-12,1999-09-19,11.02142857142857,14
,530531018,1999-09-19,1999-09-26,1999-10-03,10.928571428571429,14
,530531018,1999-10-03,1999-10-10,1999-10-17,10.676923076923078,13
,530531018,1999-10-17,1999-10-24,1999-10-31,18.025000000000002,12
,530531018,1999-10-31,1999-11-07,1999-11-14,12.499999999999998,14
,530531018,1999-11-14,1999-11-21,1999-11-28,10.121428571428572,14
,530531018,1999-11-28,1999-12-05,1999-12-12,8.27142857142857,14
,530531018,1999-12-12,1999-12-19,1999-12-26,9.335714285714285,14
,410470109,1999-01-10,1999-01-17,1999-01-24,5.535714285714285,14
,410470109,1999-01-24,1999-01-31,1999-02-07,6.7749999999999995,12
,410470109,1999-02-07,1999-02-14,1999-02-21,6,14
,410470109,1999-02-21,1999-02-28,1999-03-07,3.3642857142857148,14
,410470109,1999-03-07,1999-03-14,1999-03-21,5.56923076923077,13
,410470109,1999-03-21,1999-03-28,1999-04-04,3.442857142857143,14
,410470109,1999-04-04,1999-04-11,1999-04-18,5.221428571428571,14
,410470109,1999-04-18,1999-04-25,1999-05-02,6.908333333333332,12
,410470109,1999-05-30,1999-06-06,1999-06-13,4.264285714285714,14
,530332004,2002-03-31,2002-04-07,2002-04-14,6.500000000000001,14
,530332004,2002-04-14,2002-04-21,2002-04-28,7.846153846153846,13
,410510080,1999-01-10,1999-01-17,1999-01-24,11.878571428571428,14
,410510080,1999-01-24,1999-01-31,1999-02-07,10.507692307692308,13
,410510080,1999-02-07,1999-02-14,1999-02-21,8.674999999999999,12
,410510080,1999-03-07,1999-03-14,1999-03-21,9.057142857142855,14
,410510080,1999-03-21,1999-03-28,1999-04-04,5.8428571428571425,14
,410510080,1999-04-04,1999-04-11,1999-04-18,6.858333333333333,12
,410510080,1999-04-18,1999-04-25,1999-05-02,7.741666666666666,12
,410510080,1999-05-02,1999-05-09,1999-05-16,5.028571428571429,14
,410510080,1999-05-16,1999-05-23,1999-05-30,6.408333333333334,12
,410510080,1999-05-30,1999-06-06,1999-06-13,5.828571428571428,14
,410510080,1999-06-27,1999-07-04,1999-07-11,7.8571428571428585,14
,410510080,1999-07-11,1999-07-18,1999-07-25,6.269230769230769,13
,410510080,1999-07-25,1999-08-01,1999-08-08,9.171428571428573,14
,410510080,1999-08-08,1999-08-15,1999-08-22,6.642857142857143,14
,410510080,1999-08-22,1999-08-29,1999-09-05,7.228571428571429,14
,410510080,1999-09-05,1999-09-12,1999-09-19,7.914285714285714,14
,410510080,1999-09-19,1999-09-26,1999-10-03,9.116666666666667,12
,410510080,1999-10-03,1999-10-10,1999-10-17,10.392857142857144,14
,410510080,1999-10-17,1999-10-24,1999-10-31,15.36923076923077,13
,410510080,1999-11-14,1999-11-21,1999-11-28,9.153846153846153,13
,410510080,1999-11-28,1999-12-05,1999-12-12,6.223076923076922,13
,410510080,1999-12-12,1999-12-19,1999-12-26,6.935714285714285,14
,410510080,1999-12-26,2000-01-02,2000-01-09,11.878571428571428,14
,410510080,2000-01-09,2000-01-16,2000-01-23,8.921428571428573,14
,410510080,2000-02-06,2000-02-13,2000-02-20,13.849999999999998,14
,410510080,2000-02-20,2000-02-27,2000-03-05,12.357142857142856,14
,410510080,2000-03-05,2000-03-12,2000-03-19,11.778571428571428,14
,410510080,2000-03-19,2000-03-26,2000-04-02,11.942857142857141,14
,410510080,2000-04-02,2000-04-09,2000-04-16,9.007142857142858,14
,410510080,2000-04-16,2000-04-23,2000-04-30,6.749999999999999,14
,410510080,2000-04-30,2000-05-07,2000-05-14,4.676923076923076,13
,410510080,2000-05-14,2000-05-21,2000-05-28,5.507692307692308,13
,410510080,2000-05-28,2000-06-04,2000-06-11,4.785714285714286,14
,410510080,2000-06-11,2000-06-18,2000-06-25,4.6499999999999995,14
,410510080,2000-06-25,2000-07-02,2000-07-09,15.435714285714285,14
,410510080,2000-07-09,2000-07-16,2000-07-23,6.078571428571428,14
,410510080,2000-07-23,2000-07-30,2000-08-06,6.692307692307692,13
,410510080,2000-08-06,2000-08-13,2000-08-20,6.428571428571429,14
,410510080,2000-08-20,2000-08-27,2000-09-03,5.561538461538462,13
,410510080,2000-09-03,2000-09-10,2000-09-17,6.258333333333334,12
,410510080,2000-09-17,2000-09-24,2000-10-01,6.621428571428572,14
,410510080,2000-10-01,2000-10-08,2000-10-15,11.2,14
,410510080,2000-10-15,2000-10-22,2000-10-29,14.3,14
,410510080,2000-10-29,2000-11-05,2000-11-12,17.7,14
,410510080,2000-11-12,2000-11-19,2000-11-26,21.166666666666668,12
,410510080,2000-11-26,2000-12-03,2000-12-10,12.007142857142858,14
,410510080,2000-12-10,2000-12-17,2000-12-24,11.957142857142857,14
,410510080,2000-12-24,2000-12-31,2001-01-07,9.592307692307692,13
,410510080,2001-01-07,2001-01-14,2001-01-21,12.566666666666668,12
,410510080,2001-01-21,2001-01-28,2001-02-04,11.400000000000002,14
,410510080,2001-02-04,2001-02-11,2001-02-18,14.68333333333333,12
,410510080,2001-02-18,2001-02-25,2001-03-04,12.507142857142856,14
,410510080,2001-03-04,2001-03-11,2001-03-18,9.364285714285714,14
,410510080,2001-03-18,2001-03-25,2001-04-01,7.749999999999999,14
,410510080,2001-04-01,2001-04-08,2001-04-15,7.671428571428571,14
,410510080,2001-04-15,2001-04-22,2001-04-29,7.7142857142857135,14
,410510080,2001-04-29,2001-05-06,2001-05-13,6.178571428571429,14
,410510080,2001-05-13,2001-05-20,2001-05-27,5.7,14
,410510080,2001-06-10,2001-06-17,2001-06-24,4.178571428571428,14
,410510080,2001-06-24,2001-07-01,2001-07-08,5.585714285714287,14
,410510080,2001-07-08,2001-07-15,2001-07-22,5.171428571428572,14
,410510080,2001-07-22,2001-07-29,2001-08-05,4.671428571428571,14
,410510080,2001-08-05,2001-08-12,2001-08-19,8.62857142857143,14
,410510080,2001-08-19,2001-08-26,2001-09-02,6.0928571428571425,14
,410510080,2001-09-02,2001-09-09,2001-09-16,6.878571428571427,14
,410510080,2001-09-16,2001-09-23,2001-09-30,7.628571428571427,14
,410510080,2001-09-30,2001-10-07,2001-10-14,10.05,14
,410510080,2001-10-28,2001-11-04,2001-11-11,16.814285714285713,14
,410510080,2001-11-11,2001-11-18,2001-11-25,9.314285714285715,14
,410510080,2001-11-25,2001-12-02,2001-12-09,9.830769230769231,13
,410510080,2001-12-09,2001-12-16,2001-12-23,6.591666666666666,12
,410510080,2001-12-23,2001-12-30,2002-01-06,8.342857142857143,14
,410510080,2002-01-06,2002-01-13,2002-01-20,15.114285714285714,14
,410510080,2002-01-20,2002-01-27,2002-02-03,6.853846153846153,13
,410510080,2002-02-03,2002-02-10,2002-02-17,9.3,14
,410510080,2002-02-17,2002-02-24,2002-03-03,9.392857142857142,14
,410510080,2002-03-03,2002-03-10,2002-03-17,8.428571428571429,14
,410510080,2002-03-17,2002-03-24,2002-03-31,7.607142857142857,14
,410510080,2002-03-31,2002-04-07,2002-04-14,4.721428571428571,14
,410510080,2002-04-28,2002-05-05,2002-05-12,6.585714285714286,14
,410510080,2002-05-12,2002-05-19,2002-05-26,6,14
,410510080,2002-05-26,2002-06-02,2002-06-09,3.7571428571428567,14
,410510080,2002-06-09,2002-06-16,2002-06-23,6.361538461538462,13
,410510080,2002-06-23,2002-06-30,2002-07-07,5.235714285714286,14
,410510080,2002-07-07,2002-07-14,2002-07-21,5.799999999999999,13
,410510080,2002-07-21,2002-07-28,2002-08-04,6.153846153846152,13
,410510080,2002-08-04,2002-08-11,2002-08-18,6.735714285714286,14
,410510080,2002-08-18,2002-08-25,2002-09-01,6.171428571428571,14
,410510080,2002-09-01,2002-09-08,2002-09-15,6.3,14
,410510080,2002-09-15,2002-09-22,2002-09-29,6.033333333333334,12
,410510080,2002-09-29,2002-10-06,2002-10-13,9.757142857142856,14
,410510080,2002-10-13,2002-10-20,2002-10-27,14.338461538461539,13
,410510080,2002-10-27,2002-11-03,2002-11-10,14.676923076923076,13
,410510080,2002-11-10,2002-11-17,2002-11-24,17.5,13
,410510080,2002-11-24,2002-12-01,2002-12-08,13.784615384615385,13
,410510080,2002-12-08,2002-12-15,2002-12-22,7.425,12
,410510080,2002-12-22,2002-12-29,2003-01-05,8.683333333333334,12
,530110013,2006-12-31,2007-01-07,2007-01-14,13.653846153846152,13
,530110013,2007-04-22,2007-04-29,2007-05-06,5.671428571428572,14
,530110013,2007-05-20,2007-05-27,2007-06-03,5.538461538461539,13
,530110013,2007-06-17,2007-06-24,2007-07-01,3.4000000000000004,12
,530110013,2007-07-01,2007-07-08,2007-07-15,5.0249999999999995,12
,530110013,2007-07-15,2007-07-22,2007-07-29,3.892857142857143,14
,530110013,2007-08-26,2007-09-02,2007-09-09,4.735714285714287,14
,530110013,2007-09-23,2007-09-30,2007-10-07,5.7846153846153845,13
,530110013,2007-10-07,2007-10-14,2007-10-21,10.13846153846154,13
,530110013,2007-10-21,2007-10-28,2007-11-04,15.657142857142858,14
,530110013,2007-11-04,2007-11-11,2007-11-18,11.966666666666667,12
,530110013,2008-02-10,2008-02-17,2008-02-24,13.623076923076923,13
,530110013,2008-03-09,2008-03-16,2008-03-23,5.1,14
,530110013,2008-05-04,2008-05-11,2008-05-18,5.978571428571428,14
,530110013,2008-05-18,2008-05-25,2008-06-01,5.1000000000000005,14
,530110013,2008-06-01,2008-06-08,2008-06-15,3.428571428571428,14
,530110013,2008-08-10,2008-08-17,2008-08-24,5.461538461538463,13
,530110013,2008-09-07,2008-09-14,2008-09-21,7.471428571428571,14
,530110013,2008-09-21,2008-09-28,2008-10-05,6.321428571428572,14
,530110013,2008-10-05,2008-10-12,2008-10-19,8.621428571428572,14
,530110013,2008-10-19,2008-10-26,2008-11-02,16.471428571428568,14
,530110013,2008-11-02,2008-11-09,2008-11-16,8.335714285714285,14
,530110013,2008-11-16,2008-11-23,2008-11-30,17.264285714285712,14
,530110013,2008-11-30,2008-12-07,2008-12-14,14.346153846153847,13
,530110013,2008-12-14,2008-12-21,2008-12-28,10.22857142857143,14
,530110013,2008-12-28,2009-01-04,2009-01-11,7.32857142857143,14
,530110013,2009-01-11,2009-01-18,2009-01-25,19.12857142857143,14
,530110013,2009-01-25,2009-02-01,2009-02-08,20.800000000000004,13
,530110013,2009-02-08,2009-02-15,2009-02-22,14.392857142857142,14
,530110013,2009-02-22,2009-03-01,2009-03-08,6.549999999999999,14
,530110013,2009-03-08,2009-03-15,2009-03-22,7.453846153846154,13
,530110013,2009-03-22,2009-03-29,2009-04-05,6.361538461538462,13
,530110013,2009-04-05,2009-04-12,2009-04-19,5.3538461538461535,13
,530110013,2009-04-19,2009-04-26,2009-05-03,5.242857142857142,14
,530110013,2009-05-03,2009-05-10,2009-05-17,3.907142857142856,14
,530110013,2009-05-17,2009-05-24,2009-05-31,5.664285714285714,14
,530110013,2009-05-31,2009-06-07,2009-06-14,7.6571428571428575,14
,530110013,2009-06-14,2009-06-21,2009-06-28,4.707142857142856,14
,530110013,2009-06-28,2009-07-05,2009-07-12,7.864285714285715,14
,530110013,2009-07-26,2009-08-02,2009-08-09,10.528571428571427,14
,530110013,2009-08-09,2009-08-16,2009-08-23,5.842857142857142,14
,530110013,2009-08-23,2009-08-30,2009-09-06,5.671428571428572,14
,530110013,2009-09-06,2009-09-13,2009-09-20,5.542857142857144,14
,530110013,2009-09-20,2009-09-27,2009-10-04,5.5,14
,530110013,2009-10-04,2009-10-11,2009-10-18,8.314285714285713,14
,530110013,2009-10-18,2009-10-25,2009-11-01,8.878571428571428,14
,530110013,2009-11-01,2009-11-08,2009-11-15,8.585714285714285,14
,530110013,2009-11-15,2009-11-22,2009-11-29,7.978571428571428,14
,530110013,2009-11-29,2009-12-06,2009-12-13,25.442857142857147,14
,530110013,2009-12-13,2009-12-20,2009-12-27,11.964285714285714,14
,530110013,2009-12-27,2010-01-03,2010-01-10,13.153846153846153,13
,530110013,2010-01-10,2010-01-17,2010-01-24,6.315384615384615,13
,530110013,2010-01-24,2010-01-31,2010-02-07,8.135714285714286,14
,530110013,2010-02-07,2010-02-14,2010-02-21,7.6,14
,530110013,2010-02-21,2010-02-28,2010-03-07,9.899999999999999,13
,530110013,2010-03-07,2010-03-14,2010-03-21,5.4,14
,530110013,2010-03-21,2010-03-28,2010-04-04,3.5214285714285714,14
,530110013,2010-04-04,2010-04-11,2010-04-18,5.214285714285714,14
,530110013,2010-04-18,2010-04-25,2010-05-02,4.485714285714286,14
,530110013,2010-05-02,2010-05-09,2010-05-16,4.369230769230769,13
,530110013,2010-05-16,2010-05-23,2010-05-30,3.607142857142857,14
,530110013,2010-06-13,2010-06-20,2010-06-27,3.992857142857143,14
,530110013,2010-06-27,2010-07-04,2010-07-11,5.321428571428571,14
,530110013,2010-07-11,2010-07-18,2010-07-25,5.221428571428572,14
,530110013,2010-07-25,2010-08-01,2010-08-08,6.107142857142857,14
,530110013,2010-08-08,2010-08-15,2010-08-22,5.328571428571429,14
,530110013,2010-08-22,2010-08-29,2010-09-05,4.414285714285714,14
,530110013,2010-09-05,2010-09-12,2010-09-19,4.564285714285714,14
,530110013,2010-09-19,2010-09-26,2010-10-03,5.9642857142857135,14
,530110013,2010-10-03,2010-10-10,2010-10-17,6.82142857142857,14
,530110013,2010-10-17,2010-10-24,2010-10-31,11.114285714285716,14
,530110013,2010-10-31,2010-11-07,2010-11-14,8.716666666666665,12
,530110013,2010-11-14,2010-11-21,2010-11-28,12.178571428571429,14
,530110013,2010-11-28,2010-12-05,2010-12-12,6.935714285714284,14
,530110013,2010-12-12,2010-12-19,2010-12-26,4.735714285714287,14
,530110013,2010-12-26,2011-01-02,2011-01-09,21.46923076923077,13
,530110013,2011-01-09,2011-01-16,2011-01-23,5.714285714285714,14
,530110013,2011-01-23,2011-01-30,2011-02-06,14.42857142857143,14
,530110013,2011-02-06,2011-02-13,2011-02-20,8.37857142857143,14
,530110013,2011-02-20,2011-02-27,2011-03-06,6.278571428571429,14
,530110013,2011-03-06,2011-03-13,2011-03-20,4.1499999999999995,14
,530110013,2011-03-20,2011-03-27,2011-04-03,2.985714285714286,14
